ISO-10303-21;
HEADER;
FILE_DESCRIPTION (( 'STEP AP214' ),
    '1' );
FILE_NAME ('BK-888.STEP',
    '2019-10-13T10:53:18',
    ( '' ),
    ( '' ),
    'SwSTEP 2.0',
    'SolidWorks 2017',
    '' );
FILE_SCHEMA (( 'AUTOMOTIVE_DESIGN' ));
ENDSEC;

DATA;
#1 = DIRECTION ( 'NONE',  ( -2.182665966395359800E-016, -0.0000000000000000000, 1.000000000000000000 ) ) ;
#2 = DIRECTION ( 'NONE',  ( 0.0000000000000000000, 0.0000000000000000000, -1.000000000000000000 ) ) ;
#3 = VERTEX_POINT ( 'NONE', #756 ) ;
#4 = DIRECTION ( 'NONE',  ( 0.4932538312540420400, 0.8698854280611952900, 0.0000000000000000000 ) ) ;
#5 = CARTESIAN_POINT ( 'NONE',  ( -10.30500000000000000, 3.330000000000000500, -4.189999999999997700 ) ) ;
#6 = ORIENTED_EDGE ( 'NONE', *, *, #3482, .T. ) ;
#7 = CARTESIAN_POINT ( 'NONE',  ( -3.974999999999998300, 3.430000000000000200, 4.580000000000001000 ) ) ;
#8 = LINE ( 'NONE', #2260, #2859 ) ;
#9 = ORIENTED_EDGE ( 'NONE', *, *, #3173, .T. ) ;
#10 = CIRCLE ( 'NONE', #945, 0.09999999999999982500 ) ;
#11 = CARTESIAN_POINT ( 'NONE',  ( -11.25945989982141900, -1.442361159061087200, 1.304999999999988200 ) ) ;
#12 = EDGE_CURVE ( 'NONE', #2916, #1708, #1782, .T. ) ;
#13 = ORIENTED_EDGE ( 'NONE', *, *, #540, .F. ) ;
#14 = CYLINDRICAL_SURFACE ( 'NONE', #2024, 0.3499999999999996400 ) ;
#15 = DIRECTION ( 'NONE',  ( 1.000000000000000000, 0.0000000000000000000, -0.0000000000000000000 ) ) ;
#16 = CARTESIAN_POINT ( 'NONE',  ( 7.050000000000000700, 3.680000000000000200, 0.6061361502748019400 ) ) ;
#17 = EDGE_LOOP ( 'NONE', ( #1791, #3036, #3168, #1667 ) ) ;
#18 = ORIENTED_EDGE ( 'NONE', *, *, #2347, .F. ) ;
#19 = AXIS2_PLACEMENT_3D ( 'NONE', #149, #697, #1789 ) ;
#20 = CARTESIAN_POINT ( 'NONE',  ( -7.049999999999998900, 3.680000000000000200, 4.580000000000001000 ) ) ;
#21 = ORIENTED_EDGE ( 'NONE', *, *, #2558, .T. ) ;
#22 = FACE_OUTER_BOUND ( 'NONE', #17, .T. ) ;
#23 = DIRECTION ( 'NONE',  ( 1.000000000000000000, 0.0000000000000000000, -0.0000000000000000000 ) ) ;
#24 = ORIENTED_EDGE ( 'NONE', *, *, #3459, .T. ) ;
#25 = ORIENTED_EDGE ( 'NONE', *, *, #864, .F. ) ;
#26 = VECTOR ( 'NONE', #2092, 1000.000000000000100 ) ;
#27 = CARTESIAN_POINT ( 'NONE',  ( -7.024999999999998600, 3.326675723612349000, 3.945475611611680000 ) ) ;
#28 = DIRECTION ( 'NONE',  ( 0.0000000000000000000, 0.0000000000000000000, 1.000000000000000000 ) ) ;
#29 = EDGE_CURVE ( 'NONE', #2400, #1487, #2447, .T. ) ;
#30 = ORIENTED_EDGE ( 'NONE', *, *, #1633, .T. ) ;
#31 = VECTOR ( 'NONE', #3318, 1000.000000000000000 ) ;
#32 = CARTESIAN_POINT ( 'NONE',  ( 10.20499999999999800, 3.429999999999999700, 5.230000000000003100 ) ) ;
#33 = CARTESIAN_POINT ( 'NONE',  ( -5.499999999999998200, 1.179999999999999000, -3.295000000000000800 ) ) ;
#34 = AXIS2_PLACEMENT_3D ( 'NONE', #2444, #3585, #2187 ) ;
#35 = VECTOR ( 'NONE', #3206, 1000.000000000000000 ) ;
#36 = CARTESIAN_POINT ( 'NONE',  ( 10.35054010017858600, -0.3462600145225094800, 1.304999999999988200 ) ) ;
#37 = CARTESIAN_POINT ( 'NONE',  ( -3.974999999999998300, 0.9299999999999989400, -3.218499084290297400 ) ) ;
#38 = VECTOR ( 'NONE', #2757, 1000.000000000000000 ) ;
#39 = EDGE_CURVE ( 'NONE', #2400, #3224, #3568, .T. ) ;
#40 = AXIS2_PLACEMENT_3D ( 'NONE', #2946, #2704, #1587 ) ;
#41 = VECTOR ( 'NONE', #2317, 1000.000000000000000 ) ;
#42 = DIRECTION ( 'NONE',  ( 1.000000000000000000, -3.491481338843133400E-015, 0.0000000000000000000 ) ) ;
#43 = EDGE_LOOP ( 'NONE', ( #3402, #2598, #1913, #2396 ) ) ;
#44 = CARTESIAN_POINT ( 'NONE',  ( -10.55500000000000900, -3.501187250950756200E-015, -0.2650000000000117800 ) ) ;
#45 = DIRECTION ( 'NONE',  ( 1.000000000000000000, 0.0000000000000000000, 0.0000000000000000000 ) ) ;
#46 = ORIENTED_EDGE ( 'NONE', *, *, #799, .F. ) ;
#47 = EDGE_CURVE ( 'NONE', #3, #556, #2651, .T. ) ;
#48 = LINE ( 'NONE', #1717, #944 ) ;
#49 = DIRECTION ( 'NONE',  ( -0.4932538312540421000, 0.8698854280611952900, 0.0000000000000000000 ) ) ;
#50 = CARTESIAN_POINT ( 'NONE',  ( 3.899999999999999000, 3.429999999999999700, -9.570000000000000300 ) ) ;
#51 = VECTOR ( 'NONE', #2064, 1000.000000000000000 ) ;
#52 = AXIS2_PLACEMENT_3D ( 'NONE', #2293, #2572, #2808 ) ;
#53 = VERTEX_POINT ( 'NONE', #3343 ) ;
#54 = DIRECTION ( 'NONE',  ( 0.8698854280611959500, 0.4932538312540407100, 0.0000000000000000000 ) ) ;
#55 = VECTOR ( 'NONE', #109, 1000.000000000000000 ) ;
#56 = VERTEX_POINT ( 'NONE', #1399 ) ;
#57 = EDGE_LOOP ( 'NONE', ( #3358, #2914, #3076, #2216 ) ) ;
#58 = EDGE_CURVE ( 'NONE', #86, #800, #2738, .T. ) ;
#59 = AXIS2_PLACEMENT_3D ( 'NONE', #3316, #2263, #1670 ) ;
#60 = ORIENTED_EDGE ( 'NONE', *, *, #3294, .F. ) ;
#61 = VERTEX_POINT ( 'NONE', #2494 ) ;
#62 = ORIENTED_EDGE ( 'NONE', *, *, #2002, .T. ) ;
#63 = EDGE_LOOP ( 'NONE', ( #3086, #2254, #2996, #2498 ) ) ;
#64 = VECTOR ( 'NONE', #691, 1000.000000000000000 ) ;
#65 =( LENGTH_UNIT ( ) NAMED_UNIT ( * ) SI_UNIT ( .MILLI., .METRE. ) );
#66 = ORIENTED_EDGE ( 'NONE', *, *, #3026, .T. ) ;
#67 = ORIENTED_EDGE ( 'NONE', *, *, #219, .F. ) ;
#68 = ADVANCED_FACE ( 'NONE', ( #396 ), #1247, .T. ) ;
#69 = VECTOR ( 'NONE', #3005, 1000.000000000000000 ) ;
#70 = DIRECTION ( 'NONE',  ( 0.0000000000000000000, -1.000000000000000000, 0.0000000000000000000 ) ) ;
#71 = ORIENTED_EDGE ( 'NONE', *, *, #1393, .F. ) ;
#72 = VECTOR ( 'NONE', #171, 1000.000000000000000 ) ;
#73 = CARTESIAN_POINT ( 'NONE',  ( -10.94220425753443100, -2.347139938971966300, 1.304999999999988200 ) ) ;
#74 = EDGE_CURVE ( 'NONE', #2391, #2924, #2354, .T. ) ;
#75 = VECTOR ( 'NONE', #555, 1000.000000000000000 ) ;
#76 = DIRECTION ( 'NONE',  ( 0.0000000000000000000, 0.0000000000000000000, 1.000000000000000000 ) ) ;
#77 = DIRECTION ( 'NONE',  ( -1.000000000000000000, -0.0000000000000000000, -0.0000000000000000000 ) ) ;
#78 = EDGE_CURVE ( 'NONE', #2442, #156, #3515, .T. ) ;
#79 = FACE_BOUND ( 'NONE', #176, .T. ) ;
#80 = LINE ( 'NONE', #596, #2201 ) ;
#81 = LINE ( 'NONE', #2927, #2059 ) ;
#82 = AXIS2_PLACEMENT_3D ( 'NONE', #3392, #1494, #1754 ) ;
#83 = ORIENTED_EDGE ( 'NONE', *, *, #3537, .T. ) ;
#84 = CARTESIAN_POINT ( 'NONE',  ( -10.95500000000000000, -1.615000000000003500, -0.2650000000000117800 ) ) ;
#85 = CARTESIAN_POINT ( 'NONE',  ( -7.024999999999998600, 0.9480817483678319900, -3.164450392392346200 ) ) ;
#86 = VERTEX_POINT ( 'NONE', #264 ) ;
#87 = CIRCLE ( 'NONE', #1317, 0.09999999999999766000 ) ;
#88 = DIRECTION ( 'NONE',  ( 0.0000000000000000000, 0.0000000000000000000, -1.000000000000000000 ) ) ;
#89 = DIRECTION ( 'NONE',  ( 1.000000000000000000, -0.0000000000000000000, -0.0000000000000000000 ) ) ;
#90 = VERTEX_POINT ( 'NONE', #806 ) ;
#91 = VECTOR ( 'NONE', #2616, 1000.000000000000000 ) ;
#92 = DIRECTION ( 'NONE',  ( -1.000000000000000000, 0.0000000000000000000, 0.0000000000000000000 ) ) ;
#93 = ORIENTED_EDGE ( 'NONE', *, *, #1415, .F. ) ;
#94 = VECTOR ( 'NONE', #1447, 1000.000000000000100 ) ;
#95 = DIRECTION ( 'NONE',  ( -1.000000000000000000, -4.203895392974451200E-045, 4.448008912761053700E-016 ) ) ;
#96 = VERTEX_POINT ( 'NONE', #7 ) ;
#97 = EDGE_LOOP ( 'NONE', ( #1654, #3102, #140, #3274, #3094 ) ) ;
#98 = PLANE ( 'NONE',  #3157 ) ;
#99 = ORIENTED_EDGE ( 'NONE', *, *, #3187, .F. ) ;
#100 = EDGE_CURVE ( 'NONE', #1584, #704, #1339, .T. ) ;
#101 = VERTEX_POINT ( 'NONE', #289 ) ;
#102 = ORIENTED_EDGE ( 'NONE', *, *, #3325, .F. ) ;
#103 = DIRECTION ( 'NONE',  ( 1.000000000000000000, 0.0000000000000000000, -2.182665966395359800E-016 ) ) ;
#104 = ADVANCED_FACE ( 'NONE', ( #2310 ), #14, .T. ) ;
#105 = VERTEX_POINT ( 'NONE', #2754 ) ;
#106 = DIRECTION ( 'NONE',  ( -1.000000000000000000, 0.0000000000000000000, -1.841532352416992700E-016 ) ) ;
#107 = LINE ( 'NONE', #478, #924 ) ;
#108 = ORIENTED_EDGE ( 'NONE', *, *, #3441, .F. ) ;
#109 = DIRECTION ( 'NONE',  ( 1.000000000000000000, -3.491481338843133400E-015, -1.841532352416992700E-016 ) ) ;
#110 = ORIENTED_EDGE ( 'NONE', *, *, #2909, .F. ) ;
#111 = CARTESIAN_POINT ( 'NONE',  ( -3.900000000000000800, 3.680000000000000200, -9.570000000000002100 ) ) ;
#112 = VECTOR ( 'NONE', #252, 1000.000000000000100 ) ;
#113 = VECTOR ( 'NONE', #484, 1000.000000000000000 ) ;
#114 = CARTESIAN_POINT ( 'NONE',  ( -10.20499999999999800, 3.429999999999999700, 5.230000000000003100 ) ) ;
#115 = LINE ( 'NONE', #308, #720 ) ;
#116 = DIRECTION ( 'NONE',  ( 0.8698854280611959500, -0.4932538312540407100, 0.0000000000000000000 ) ) ;
#117 = CARTESIAN_POINT ( 'NONE',  ( 7.024999999999998600, 1.429999999999999900, 4.580000000000001000 ) ) ;
#118 = FACE_OUTER_BOUND ( 'NONE', #1081, .T. ) ;
#119 = PLANE ( 'NONE',  #2730 ) ;
#120 = DIRECTION ( 'NONE',  ( -1.000000000000000000, 0.0000000000000000000, 0.0000000000000000000 ) ) ;
#121 = EDGE_CURVE ( 'NONE', #2304, #659, #3467, .T. ) ;
#122 = ADVANCED_FACE ( 'NONE', ( #1206 ), #1097, .T. ) ;
#123 = AXIS2_PLACEMENT_3D ( 'NONE', #646, #2112, #1856 ) ;
#124 = PLANE ( 'NONE',  #3028 ) ;
#125 = VERTEX_POINT ( 'NONE', #530 ) ;
#126 = DIRECTION ( 'NONE',  ( 0.0000000000000000000, 0.0000000000000000000, 1.000000000000000000 ) ) ;
#127 = AXIS2_PLACEMENT_3D ( 'NONE', #993, #1545, #512 ) ;
#128 = CARTESIAN_POINT ( 'NONE',  ( 3.900000000000000800, 3.330000000000001400, -9.919999999999999900 ) ) ;
#129 = ORIENTED_EDGE ( 'NONE', *, *, #2107, .F. ) ;
#130 = PLANE ( 'NONE',  #1826 ) ;
#131 = VECTOR ( 'NONE', #1052, 1000.000000000000000 ) ;
#132 = CARTESIAN_POINT ( 'NONE',  ( 10.20499999999999800, 3.429999999999999700, 5.230000000000003100 ) ) ;
#133 = ORIENTED_EDGE ( 'NONE', *, *, #121, .T. ) ;
#134 = CARTESIAN_POINT ( 'NONE',  ( 7.050000000000000700, 3.429999999999999700, 0.6061361502748019400 ) ) ;
#135 = VECTOR ( 'NONE', #413, 1000.000000000000000 ) ;
#136 = CARTESIAN_POINT ( 'NONE',  ( 10.55500000000000100, -0.2000000000000035400, -0.2650000000000117800 ) ) ;
#137 = ORIENTED_EDGE ( 'NONE', *, *, #2770, .T. ) ;
#138 = LINE ( 'NONE', #906, #2531 ) ;
#139 = EDGE_CURVE ( 'NONE', #800, #244, #835, .T. ) ;
#140 = ORIENTED_EDGE ( 'NONE', *, *, #509, .T. ) ;
#141 = ORIENTED_EDGE ( 'NONE', *, *, #2698, .F. ) ;
#142 = DIRECTION ( 'NONE',  ( -1.000000000000000000, -3.491481338843133400E-015, 0.0000000000000000000 ) ) ;
#143 = DIRECTION ( 'NONE',  ( 0.0000000000000000000, 0.0000000000000000000, 1.000000000000000000 ) ) ;
#144 = CARTESIAN_POINT ( 'NONE',  ( -3.974999999999998300, 3.563760189063893200, 3.866160063063140300 ) ) ;
#145 = ORIENTED_EDGE ( 'NONE', *, *, #1722, .F. ) ;
#146 = ORIENTED_EDGE ( 'NONE', *, *, #100, .T. ) ;
#147 = EDGE_CURVE ( 'NONE', #2309, #3224, #953, .T. ) ;
#148 = CARTESIAN_POINT ( 'NONE',  ( 10.30500000000000300, -0.1736211735835802000, 1.304999999999988200 ) ) ;
#149 = CARTESIAN_POINT ( 'NONE',  ( 10.20500000000000000, 3.330000000000000100, -4.189999999999997700 ) ) ;
#150 = CARTESIAN_POINT ( 'NONE',  ( 3.974999999999998300, 1.279999999999996700, -3.295000000000000800 ) ) ;
#151 = ORIENTED_EDGE ( 'NONE', *, *, #2512, .T. ) ;
#152 = VECTOR ( 'NONE', #2875, 1000.000000000000000 ) ;
#153 = EDGE_CURVE ( 'NONE', #990, #1056, #1566, .T. ) ;
#154 = EDGE_LOOP ( 'NONE', ( #137, #2088, #3471, #201 ) ) ;
#155 = AXIS2_PLACEMENT_3D ( 'NONE', #2828, #2078, #2389 ) ;
#156 = VERTEX_POINT ( 'NONE', #3077 ) ;
#157 = VECTOR ( 'NONE', #2955, 1000.000000000000000 ) ;
#158 = ORIENTED_EDGE ( 'NONE', *, *, #2894, .F. ) ;
#159 = CIRCLE ( 'NONE', #1705, 0.1000000000000011300 ) ;
#160 = CARTESIAN_POINT ( 'NONE',  ( 10.55500000000000900, -3.501187250950756200E-015, 1.304999999999988200 ) ) ;
#161 = PLANE ( 'NONE',  #472 ) ;
#162 = ADVANCED_FACE ( 'NONE', ( #1984 ), #872, .T. ) ;
#163 = SURFACE_STYLE_FILL_AREA ( #3151 ) ;
#164 = CARTESIAN_POINT ( 'NONE',  ( 10.55500000000001200, 2.173912941693388700E-015, -4.189999999999997700 ) ) ;
#165 = DIRECTION ( 'NONE',  ( 0.8698854280611952900, -0.4932538312540421000, -0.0000000000000000000 ) ) ;
#166 = AXIS2_PLACEMENT_3D ( 'NONE', #1652, #3025, #2733 ) ;
#167 = CARTESIAN_POINT ( 'NONE',  ( -3.974999999999998300, 0.9299999999999989400, -3.295000000000000800 ) ) ;
#168 = CARTESIAN_POINT ( 'NONE',  ( 6.205000000000000100, 3.429999999999999700, 9.919999999999998200 ) ) ;
#169 = CARTESIAN_POINT ( 'NONE',  ( -10.72473290051913300, -2.223826481158455600, 0.5199999999999882500 ) ) ;
#170 = CARTESIAN_POINT ( 'NONE',  ( -11.04198854280611800, -1.565674616874598700, -0.2650000000000117800 ) ) ;
#171 = DIRECTION ( 'NONE',  ( -1.841532352416997600E-016, -1.576460772365419200E-045, 1.000000000000000000 ) ) ;
#172 = EDGE_CURVE ( 'NONE', #284, #3, #2027, .T. ) ;
#173 = ORIENTED_EDGE ( 'NONE', *, *, #2125, .T. ) ;
#174 = AXIS2_PLACEMENT_3D ( 'NONE', #1279, #3369, #1118 ) ;
#175 = PLANE ( 'NONE',  #2084 ) ;
#176 = EDGE_LOOP ( 'NONE', ( #1665, #1617, #352, #790, #1522, #3123 ) ) ;
#177 = VECTOR ( 'NONE', #2903, 1000.000000000000000 ) ;
#178 = ADVANCED_FACE ( 'NONE', ( #2124 ), #599, .T. ) ;
#179 = DIRECTION ( 'NONE',  ( 0.0000000000000000000, -0.0000000000000000000, -1.000000000000000000 ) ) ;
#180 = DIRECTION ( 'NONE',  ( -1.841532352416992700E-016, 1.381149264312744600E-016, -1.000000000000000000 ) ) ;
#181 = ORIENTED_EDGE ( 'NONE', *, *, #3453, .T. ) ;
#182 = DIRECTION ( 'NONE',  ( 1.000000000000000000, -3.491481338843133400E-015, -1.841532352416992700E-016 ) ) ;
#183 = DIRECTION ( 'NONE',  ( -0.0000000000000000000, -0.0000000000000000000, -1.000000000000000000 ) ) ;
#184 = ORIENTED_EDGE ( 'NONE', *, *, #3180, .T. ) ;
#185 = ORIENTED_EDGE ( 'NONE', *, *, #793, .T. ) ;
#186 = ORIENTED_EDGE ( 'NONE', *, *, #1437, .T. ) ;
#187 = ORIENTED_EDGE ( 'NONE', *, *, #1986, .F. ) ;
#188 = CARTESIAN_POINT ( 'NONE',  ( -7.024999999999998600, 3.326675723612349400, 3.945475611611680000 ) ) ;
#189 = AXIS2_PLACEMENT_3D ( 'NONE', #169, #3221, #3245 ) ;
#190 = FILL_AREA_STYLE_COLOUR ( '', #2641 ) ;
#191 = EDGE_LOOP ( 'NONE', ( #3219, #2230, #218, #2183, #2815, #1815, #2952, #1857 ) ) ;
#192 = ORIENTED_EDGE ( 'NONE', *, *, #470, .T. ) ;
#193 = CARTESIAN_POINT ( 'NONE',  ( -3.974999999999998300, 3.563760189063893200, 3.866160063063140300 ) ) ;
#194 = EDGE_CURVE ( 'NONE', #804, #3093, #138, .T. ) ;
#195 = PLANE ( 'NONE',  #372 ) ;
#196 = ORIENTED_EDGE ( 'NONE', *, *, #403, .F. ) ;
#197 = AXIS2_PLACEMENT_3D ( 'NONE', #33, #1951, #1123 ) ;
#198 = CARTESIAN_POINT ( 'NONE',  ( -10.30500000000001200, 3.736735977333718800E-014, 1.897699089165718300E-015 ) ) ;
#199 = DIRECTION ( 'NONE',  ( -2.182665966395359800E-016, 0.0000000000000000000, -1.000000000000000000 ) ) ;
#200 = ADVANCED_FACE ( 'NONE', ( #608 ), #347, .T. ) ;
#201 = ORIENTED_EDGE ( 'NONE', *, *, #496, .F. ) ;
#202 = CARTESIAN_POINT ( 'NONE',  ( -10.55500000000000300, -0.1736211735835888900, 1.304999999999988200 ) ) ;
#203 = CARTESIAN_POINT ( 'NONE',  ( -10.95500000000000000, -1.615000000000003500, 1.304999999999988200 ) ) ;
#204 = FACE_OUTER_BOUND ( 'NONE', #1395, .T. ) ;
#205 = CARTESIAN_POINT ( 'NONE',  ( 11.05500000000000000, -1.615000000000003500, 1.304999999999988200 ) ) ;
#206 = AXIS2_PLACEMENT_3D ( 'NONE', #424, #724, #682 ) ;
#207 = CARTESIAN_POINT ( 'NONE',  ( 3.974999999999998300, 3.563760189063893200, 3.866160063063140300 ) ) ;
#208 = FACE_OUTER_BOUND ( 'NONE', #2820, .T. ) ;
#209 = CARTESIAN_POINT ( 'NONE',  ( 3.974999999999998300, 3.563760189063893200, 3.866160063063140300 ) ) ;
#210 = DIRECTION ( 'NONE',  ( -1.841532352416997600E-016, 1.576460772365419200E-045, -1.000000000000000000 ) ) ;
#211 = FACE_OUTER_BOUND ( 'NONE', #2132, .T. ) ;
#212 = DIRECTION ( 'NONE',  ( -1.000000000000000000, -0.0000000000000000000, -0.0000000000000000000 ) ) ;
#213 = EDGE_CURVE ( 'NONE', #3426, #1056, #1386, .T. ) ;
#214 = CYLINDRICAL_SURFACE ( 'NONE', #1851, 0.09999999999999766000 ) ;
#215 = SHAPE_DEFINITION_REPRESENTATION ( #3297, #2553 ) ;
#216 = AXIS2_PLACEMENT_3D ( 'NONE', #410, #2352, #3164 ) ;
#217 = ADVANCED_FACE ( 'NONE', ( #2781 ), #3090, .T. ) ;
#218 = ORIENTED_EDGE ( 'NONE', *, *, #1138, .F. ) ;
#219 = EDGE_CURVE ( 'NONE', #2266, #393, #231, .T. ) ;
#220 = CARTESIAN_POINT ( 'NONE',  ( -11.25945989982141900, -1.442361159061087200, 1.304999999999988200 ) ) ;
#221 = ORIENTED_EDGE ( 'NONE', *, *, #928, .T. ) ;
#222 = DIRECTION ( 'NONE',  ( 1.000000000000000000, 4.203895392974451200E-045, -4.448008912761053700E-016 ) ) ;
#223 = LINE ( 'NONE', #1040, #2904 ) ;
#224 = CARTESIAN_POINT ( 'NONE',  ( -3.949999999999998800, 3.429999999999999700, 4.580000000000001000 ) ) ;
#225 = EDGE_CURVE ( 'NONE', #1478, #1611, #1297, .T. ) ;
#226 = AXIS2_PLACEMENT_3D ( 'NONE', #1172, #3126, #1457 ) ;
#227 = EDGE_LOOP ( 'NONE', ( #2461, #2693, #492, #874 ) ) ;
#228 = FACE_OUTER_BOUND ( 'NONE', #2737, .T. ) ;
#229 = ORIENTED_EDGE ( 'NONE', *, *, #2459, .F. ) ;
#230 = DIRECTION ( 'NONE',  ( 0.0000000000000000000, -1.000000000000000000, 0.0000000000000000000 ) ) ;
#231 = LINE ( 'NONE', #2799, #524 ) ;
#232 = AXIS2_PLACEMENT_3D ( 'NONE', #958, #1781, #1555 ) ;
#233 = DIRECTION ( 'NONE',  ( 0.0000000000000000000, 4.336808689942043800E-015, -1.000000000000000000 ) ) ;
#234 = DIRECTION ( 'NONE',  ( 1.000000000000000000, -1.734723475976847800E-014, 0.0000000000000000000 ) ) ;
#235 = ORIENTED_EDGE ( 'NONE', *, *, #793, .F. ) ;
#236 = ORIENTED_EDGE ( 'NONE', *, *, #671, .F. ) ;
#237 = EDGE_CURVE ( 'NONE', #453, #1466, #2217, .T. ) ;
#238 = DIRECTION ( 'NONE',  ( -1.734723475976847800E-014, 1.000000000000000000, 0.0000000000000000000 ) ) ;
#239 = ADVANCED_FACE ( 'NONE', ( #1609 ), #3373, .T. ) ;
#240 = EDGE_LOOP ( 'NONE', ( #30, #1701, #2492, #1699 ) ) ;
#241 = ORIENTED_EDGE ( 'NONE', *, *, #3264, .F. ) ;
#242 = DIRECTION ( 'NONE',  ( 0.0000000000000000000, 0.0000000000000000000, -1.000000000000000000 ) ) ;
#243 = AXIS2_PLACEMENT_3D ( 'NONE', #3458, #2028, #3181 ) ;
#244 = VERTEX_POINT ( 'NONE', #588 ) ;
#245 = CARTESIAN_POINT ( 'NONE',  ( -3.974999999999998300, 1.179999999999999000, -3.275492160360300900 ) ) ;
#246 = CYLINDRICAL_SURFACE ( 'NONE', #3357, 4.000000000000000000 ) ;
#247 = EDGE_LOOP ( 'NONE', ( #1999, #2530, #1267, #3463 ) ) ;
#248 = VECTOR ( 'NONE', #3167, 1000.000000000000000 ) ;
#249 = EDGE_CURVE ( 'NONE', #2575, #447, #2170, .T. ) ;
#250 = DIRECTION ( 'NONE',  ( 0.0000000000000000000, -0.3172621941941601900, -0.9483378618061745200 ) ) ;
#251 = ORIENTED_EDGE ( 'NONE', *, *, #2792, .F. ) ;
#252 = DIRECTION ( 'NONE',  ( 0.8698854280611960600, -0.4932538312540407100, 0.0000000000000000000 ) ) ;
#253 = FACE_OUTER_BOUND ( 'NONE', #247, .T. ) ;
#254 = AXIS2_PLACEMENT_3D ( 'NONE', #3476, #165, #674 ) ;
#255 = FACE_OUTER_BOUND ( 'NONE', #2700, .T. ) ;
#256 = DIRECTION ( 'NONE',  ( 0.0000000000000000000, 0.0000000000000000000, 1.000000000000000000 ) ) ;
#257 = DIRECTION ( 'NONE',  ( 0.0000000000000000000, 0.0000000000000000000, 1.000000000000000000 ) ) ;
#258 = ADVANCED_FACE ( 'NONE', ( #3087 ), #1434, .F. ) ;
#259 = DIRECTION ( 'NONE',  ( 0.0000000000000000000, 0.0000000000000000000, 1.000000000000000000 ) ) ;
#260 = VECTOR ( 'NONE', #2860, 1000.000000000000100 ) ;
#261 = LINE ( 'NONE', #3105, #1368 ) ;
#262 = DIRECTION ( 'NONE',  ( -0.0000000000000000000, -0.0000000000000000000, -1.000000000000000000 ) ) ;
#263 = EDGE_CURVE ( 'NONE', #1947, #796, #566, .T. ) ;
#264 = CARTESIAN_POINT ( 'NONE',  ( -6.205000000000000100, 3.429999999999999700, 9.919999999999998200 ) ) ;
#265 = CARTESIAN_POINT ( 'NONE',  ( -3.974999999999998300, 3.563760189063893200, 3.866160063063140300 ) ) ;
#266 = ORIENTED_EDGE ( 'NONE', *, *, #3429, .T. ) ;
#267 = CARTESIAN_POINT ( 'NONE',  ( 10.95500000000000000, -1.615000000000003500, 1.304999999999988200 ) ) ;
#268 = EDGE_LOOP ( 'NONE', ( #2449, #1053, #1402, #711, #3089, #66, #2581, #2830, #187, #1990, #110, #938 ) ) ;
#269 = LINE ( 'NONE', #1583, #910 ) ;
#270 = ORIENTED_EDGE ( 'NONE', *, *, #997, .F. ) ;
#271 = DIRECTION ( 'NONE',  ( -0.0000000000000000000, 1.000000000000000000, 0.0000000000000000000 ) ) ;
#272 = CIRCLE ( 'NONE', #2538, 4.000000000000000000 ) ;
#273 = ADVANCED_FACE ( 'NONE', ( #873 ), #2865, .T. ) ;
#274 = AXIS2_PLACEMENT_3D ( 'NONE', #2999, #3581, #1874 ) ;
#275 = ORIENTED_EDGE ( 'NONE', *, *, #377, .T. ) ;
#276 = VERTEX_POINT ( 'NONE', #422 ) ;
#277 = CARTESIAN_POINT ( 'NONE',  ( 10.55500000000001200, 2.173912941693388700E-015, -4.189999999999997700 ) ) ;
#278 = ORIENTED_EDGE ( 'NONE', *, *, #1060, .F. ) ;
#279 = DIRECTION ( 'NONE',  ( -0.0000000000000000000, -0.0000000000000000000, -1.000000000000000000 ) ) ;
#280 = ORIENTED_EDGE ( 'NONE', *, *, #1622, .T. ) ;
#281 = CARTESIAN_POINT ( 'NONE',  ( -10.56801145719388300, -0.2229465567089975500, -0.2650000000000117800 ) ) ;
#282 = ORIENTED_EDGE ( 'NONE', *, *, #1442, .F. ) ;
#283 = CARTESIAN_POINT ( 'NONE',  ( 7.024999999999998600, 3.326675723612349000, 3.945475611611680000 ) ) ;
#284 = VERTEX_POINT ( 'NONE', #1773 ) ;
#285 = EDGE_CURVE ( 'NONE', #1417, #617, #3428, .T. ) ;
#286 = DIRECTION ( 'NONE',  ( -0.0000000000000000000, -0.0000000000000000000, -1.000000000000000000 ) ) ;
#287 = ORIENTED_EDGE ( 'NONE', *, *, #2655, .T. ) ;
#288 = ORIENTED_EDGE ( 'NONE', *, *, #2238, .F. ) ;
#289 = CARTESIAN_POINT ( 'NONE',  ( 7.024999999999998600, 0.9299999999999989400, -3.295000000000000800 ) ) ;
#290 = LINE ( 'NONE', #1538, #1962 ) ;
#291 = AXIS2_PLACEMENT_3D ( 'NONE', #283, #15, #2761 ) ;
#292 = VERTEX_POINT ( 'NONE', #669 ) ;
#293 = ORIENTED_EDGE ( 'NONE', *, *, #1060, .T. ) ;
#294 = CIRCLE ( 'NONE', #298, 2.250000000000000400 ) ;
#295 = CARTESIAN_POINT ( 'NONE',  ( -10.30499999999999800, 3.330000000000000500, 5.230000000000003100 ) ) ;
#296 = EDGE_CURVE ( 'NONE', #2539, #3052, #1471, .T. ) ;
#297 = FACE_OUTER_BOUND ( 'NONE', #3571, .T. ) ;
#298 = AXIS2_PLACEMENT_3D ( 'NONE', #3586, #2457, #1912 ) ;
#299 = DIRECTION ( 'NONE',  ( -0.4932538312540469300, -0.8698854280611925100, 0.0000000000000000000 ) ) ;
#300 = DIRECTION ( 'NONE',  ( -1.000000000000000000, 0.0000000000000000000, -5.028183988338599400E-015 ) ) ;
#301 = LINE ( 'NONE', #3055, #3153 ) ;
#302 = CARTESIAN_POINT ( 'NONE',  ( 10.95500000000000000, -1.615000000000003500, 1.304999999999988200 ) ) ;
#303 = DIRECTION ( 'NONE',  ( -1.000000000000000000, 0.0000000000000000000, -0.0000000000000000000 ) ) ;
#304 = EDGE_LOOP ( 'NONE', ( #241, #1244, #2504, #430 ) ) ;
#305 = DIRECTION ( 'NONE',  ( -0.0000000000000000000, -0.0000000000000000000, -1.000000000000000000 ) ) ;
#306 = ORIENTED_EDGE ( 'NONE', *, *, #1169, .F. ) ;
#307 = LINE ( 'NONE', #3001, #3158 ) ;
#308 = CARTESIAN_POINT ( 'NONE',  ( 7.024999999999998600, 1.185166213819379000, -3.243765940940885400 ) ) ;
#309 = ORIENTED_EDGE ( 'NONE', *, *, #557, .F. ) ;
#310 = CYLINDRICAL_SURFACE ( 'NONE', #3154, 0.09999999999999939500 ) ;
#311 = DIRECTION ( 'NONE',  ( 1.000000000000000000, 1.112002228190262400E-016, -4.448008912761049700E-016 ) ) ;
#312 = EDGE_CURVE ( 'NONE', #1161, #156, #1942, .T. ) ;
#313 = DIRECTION ( 'NONE',  ( -3.469446951953613600E-014, -1.000000000000000000, 0.0000000000000000000 ) ) ;
#314 = AXIS2_PLACEMENT_3D ( 'NONE', #3251, #1590, #2691 ) ;
#315 = VECTOR ( 'NONE', #2905, 1000.000000000000000 ) ;
#316 = EDGE_LOOP ( 'NONE', ( #1086, #401, #1562, #2362 ) ) ;
#317 = CARTESIAN_POINT ( 'NONE',  ( 7.024999999999998600, 3.326675723612349000, 3.945475611611680000 ) ) ;
#318 = CARTESIAN_POINT ( 'NONE',  ( -3.899999999999999000, 3.330000000000002300, -9.919999999999999900 ) ) ;
#319 = ORIENTED_EDGE ( 'NONE', *, *, #850, .T. ) ;
#320 = CARTESIAN_POINT ( 'NONE',  ( -3.899999999999999500, 0.6800000000000009400, -9.920000000000010600 ) ) ;
#321 = ADVANCED_FACE ( 'NONE', ( #3166 ), #630, .T. ) ;
#322 = ORIENTED_EDGE ( 'NONE', *, *, #1242, .F. ) ;
#323 = FACE_OUTER_BOUND ( 'NONE', #2829, .T. ) ;
#324 = DIRECTION ( 'NONE',  ( 0.0000000000000000000, -1.239088197126292100E-014, -1.000000000000000000 ) ) ;
#325 = CARTESIAN_POINT ( 'NONE',  ( 3.974999999999998300, 3.326675723612349000, 3.945475611611680000 ) ) ;
#326 = EDGE_CURVE ( 'NONE', #2836, #2496, #2911, .T. ) ;
#327 = ORIENTED_EDGE ( 'NONE', *, *, #3453, .F. ) ;
#328 = VECTOR ( 'NONE', #77, 1000.000000000000000 ) ;
#329 = DIRECTION ( 'NONE',  ( 0.0000000000000000000, -0.0000000000000000000, -1.000000000000000000 ) ) ;
#330 = ORIENTED_EDGE ( 'NONE', *, *, #1023, .T. ) ;
#331 = DIRECTION ( 'NONE',  ( -1.000000000000000000, -3.491481338843133400E-015, 0.0000000000000000000 ) ) ;
#332 = VECTOR ( 'NONE', #753, 1000.000000000000000 ) ;
#333 = CYLINDRICAL_SURFACE ( 'NONE', #197, 1.524999999999999900 ) ;
#334 = EDGE_CURVE ( 'NONE', #1740, #105, #2608, .T. ) ;
#335 = AXIS2_PLACEMENT_3D ( 'NONE', #3507, #3524, #737 ) ;
#336 = CARTESIAN_POINT ( 'NONE',  ( 3.949999999999998800, 3.429999999999999700, 4.580000000000001000 ) ) ;
#337 = LINE ( 'NONE', #1475, #2386 ) ;
#338 = ORIENTED_EDGE ( 'NONE', *, *, #695, .F. ) ;
#339 = DIRECTION ( 'NONE',  ( 1.000000000000000000, 3.469446951953611000E-014, 0.0000000000000000000 ) ) ;
#340 = CARTESIAN_POINT ( 'NONE',  ( -10.20499999999999800, 3.429999999999999700, 5.230000000000003100 ) ) ;
#341 = EDGE_CURVE ( 'NONE', #1903, #1537, #2695, .T. ) ;
#342 = CARTESIAN_POINT ( 'NONE',  ( -3.949999999999999700, 3.429999999999999700, 0.6061361502748022800 ) ) ;
#343 = PLANE ( 'NONE',  #726 ) ;
#344 = ORIENTED_EDGE ( 'NONE', *, *, #353, .F. ) ;
#345 = CIRCLE ( 'NONE', #843, 0.3500000000000013700 ) ;
#346 = AXIS2_PLACEMENT_3D ( 'NONE', #1329, #2485, #234 ) ;
#347 = PLANE ( 'NONE',  #52 ) ;
#348 = CARTESIAN_POINT ( 'NONE',  ( -10.65500000000000300, -0.1736211735835923600, -0.2650000000000117800 ) ) ;
#349 = LINE ( 'NONE', #2373, #2397 ) ;
#350 = ORIENTED_EDGE ( 'NONE', *, *, #2338, .F. ) ;
#351 = PLANE ( 'NONE',  #354 ) ;
#352 = ORIENTED_EDGE ( 'NONE', *, *, #1897, .T. ) ;
#353 = EDGE_CURVE ( 'NONE', #2487, #556, #3564, .T. ) ;
#354 = AXIS2_PLACEMENT_3D ( 'NONE', #365, #889, #3409 ) ;
#355 = VERTEX_POINT ( 'NONE', #1521 ) ;
#356 = ORIENTED_EDGE ( 'NONE', *, *, #39, .T. ) ;
#357 = PLANE ( 'NONE',  #2567 ) ;
#358 = ORIENTED_EDGE ( 'NONE', *, *, #1248, .F. ) ;
#359 = ORIENTED_EDGE ( 'NONE', *, *, #3565, .T. ) ;
#360 = DIRECTION ( 'NONE',  ( -0.4932538312540421000, -0.8698854280611952900, 0.0000000000000000000 ) ) ;
#361 = CARTESIAN_POINT ( 'NONE',  ( -10.94220425753443100, -2.347139938971965800, 0.5199999999999882500 ) ) ;
#362 = CARTESIAN_POINT ( 'NONE',  ( -7.024999999999998600, 3.326675723612349000, 3.945475611611680000 ) ) ;
#363 = ORIENTED_EDGE ( 'NONE', *, *, #2720, .T. ) ;
#364 = EDGE_LOOP ( 'NONE', ( #964, #1445, #1847, #2490 ) ) ;
#365 = CARTESIAN_POINT ( 'NONE',  ( 10.55500000000000300, -0.1736211735835888900, 1.304999999999988200 ) ) ;
#366 = VECTOR ( 'NONE', #2880, 1000.000000000000000 ) ;
#367 = DIRECTION ( 'NONE',  ( 0.0000000000000000000, 0.0000000000000000000, -1.000000000000000000 ) ) ;
#368 = VERTEX_POINT ( 'NONE', #148 ) ;
#369 = ORIENTED_EDGE ( 'NONE', *, *, #172, .F. ) ;
#370 = VECTOR ( 'NONE', #1255, 1000.000000000000100 ) ;
#371 = DIRECTION ( 'NONE',  ( 0.0000000000000000000, 1.000000000000000000, 0.0000000000000000000 ) ) ;
#372 = AXIS2_PLACEMENT_3D ( 'NONE', #1536, #2686, #2408 ) ;
#373 = LINE ( 'NONE', #601, #3238 ) ;
#374 = DIRECTION ( 'NONE',  ( 0.0000000000000000000, 0.0000000000000000000, 1.000000000000000000 ) ) ;
#375 = PLANE ( 'NONE',  #2548 ) ;
#376 = DIRECTION ( 'NONE',  ( 0.0000000000000000000, -0.0000000000000000000, 1.000000000000000000 ) ) ;
#377 = EDGE_CURVE ( 'NONE', #2359, #3043, #1128, .T. ) ;
#378 = PRESENTATION_STYLE_ASSIGNMENT (( #1763 ) ) ;
#379 = AXIS2_PLACEMENT_3D ( 'NONE', #1387, #1928, #590 ) ;
#380 = DIRECTION ( 'NONE',  ( 0.0000000000000000000, -1.000000000000000000, 0.0000000000000000000 ) ) ;
#381 = FACE_OUTER_BOUND ( 'NONE', #2114, .T. ) ;
#382 = AXIS2_PLACEMENT_3D ( 'NONE', #3451, #1559, #2409 ) ;
#383 = DIRECTION ( 'NONE',  ( -0.0000000000000000000, -0.0000000000000000000, -1.000000000000000000 ) ) ;
#384 = CARTESIAN_POINT ( 'NONE',  ( -10.20500000000000000, 3.330000000000000100, -4.189999999999998600 ) ) ;
#385 = ORIENTED_EDGE ( 'NONE', *, *, #1643, .T. ) ;
#386 = DIRECTION ( 'NONE',  ( 0.8698854280611961800, -0.4932538312540407600, 0.0000000000000000000 ) ) ;
#387 = DIRECTION ( 'NONE',  ( 0.0000000000000000000, 0.0000000000000000000, 1.000000000000000000 ) ) ;
#388 = DIRECTION ( 'NONE',  ( -1.000000000000000000, 0.0000000000000000000, 0.0000000000000000000 ) ) ;
#389 = EDGE_LOOP ( 'NONE', ( #636, #559, #501, #437 ) ) ;
#390 = FACE_OUTER_BOUND ( 'NONE', #438, .T. ) ;
#391 = PLANE ( 'NONE',  #1114 ) ;
#392 = EDGE_CURVE ( 'NONE', #1614, #2575, #394, .T. ) ;
#393 = VERTEX_POINT ( 'NONE', #1207 ) ;
#394 = CIRCLE ( 'NONE', #2428, 2.000000000000000000 ) ;
#395 = ADVANCED_FACE ( 'NONE', ( #2995 ), #916, .F. ) ;
#396 = FACE_OUTER_BOUND ( 'NONE', #526, .T. ) ;
#397 = AXIS2_PLACEMENT_3D ( 'NONE', #3494, #2663, #747 ) ;
#398 = EDGE_CURVE ( 'NONE', #825, #3554, #871, .T. ) ;
#399 = DIRECTION ( 'NONE',  ( -0.4932538312540399900, -0.8698854280611965100, 0.0000000000000000000 ) ) ;
#400 = CARTESIAN_POINT ( 'NONE',  ( -3.949999999999998800, 3.429999999999999700, 4.580000000000001000 ) ) ;
#401 = ORIENTED_EDGE ( 'NONE', *, *, #416, .T. ) ;
#402 = ORIENTED_EDGE ( 'NONE', *, *, #2246, .T. ) ;
#403 = EDGE_CURVE ( 'NONE', #3043, #1074, #1901, .T. ) ;
#404 = DIRECTION ( 'NONE',  ( 0.0000000000000000000, 1.000000000000000000, 0.0000000000000000000 ) ) ;
#405 = ORIENTED_EDGE ( 'NONE', *, *, #1880, .F. ) ;
#406 = AXIS2_PLACEMENT_3D ( 'NONE', #2123, #2394, #2153 ) ;
#407 = ORIENTED_EDGE ( 'NONE', *, *, #2141, .T. ) ;
#408 = CARTESIAN_POINT ( 'NONE',  ( -11.04198854280611800, -1.565674616874598700, 1.304999999999988200 ) ) ;
#409 = EDGE_LOOP ( 'NONE', ( #3139, #306, #3466, #1574 ) ) ;
#410 = CARTESIAN_POINT ( 'NONE',  ( 6.205000000000000100, 3.429999999999999700, 5.919999999999998200 ) ) ;
#411 = LINE ( 'NONE', #3163, #64 ) ;
#412 = AXIS2_PLACEMENT_3D ( 'NONE', #1288, #2430, #1050 ) ;
#413 = DIRECTION ( 'NONE',  ( -0.0000000000000000000, -0.0000000000000000000, -1.000000000000000000 ) ) ;
#414 = ORIENTED_EDGE ( 'NONE', *, *, #1880, .T. ) ;
#415 = FACE_OUTER_BOUND ( 'NONE', #2322, .T. ) ;
#416 = EDGE_CURVE ( 'NONE', #1614, #3062, #2215, .T. ) ;
#417 = VECTOR ( 'NONE', #3394, 999.9999999999998900 ) ;
#418 = CARTESIAN_POINT ( 'NONE',  ( 10.94220425753443100, -2.347139938971966300, 1.304999999999988200 ) ) ;
#419 = CARTESIAN_POINT ( 'NONE',  ( 10.55500000000001000, 8.728703347107833400E-016, 5.230000000000002200 ) ) ;
#420 = AXIS2_PLACEMENT_3D ( 'NONE', #2120, #2423, #1274 ) ;
#421 = CYLINDRICAL_SURFACE ( 'NONE', #780, 5.000000000000002700 ) ;
#422 = CARTESIAN_POINT ( 'NONE',  ( 10.55500000000000300, -0.1736211735835888900, 1.304999999999988200 ) ) ;
#423 = FACE_OUTER_BOUND ( 'NONE', #3572, .T. ) ;
#424 = CARTESIAN_POINT ( 'NONE',  ( 5.500000000000000000, 3.680000000000000200, -2.420000000000000400 ) ) ;
#425 = EDGE_CURVE ( 'NONE', #694, #3271, #3298, .T. ) ;
#426 = VECTOR ( 'NONE', #70, 1000.000000000000000 ) ;
#427 = EDGE_LOOP ( 'NONE', ( #1136, #2301, #1397, #25 ) ) ;
#428 = VECTOR ( 'NONE', #2997, 1000.000000000000000 ) ;
#429 = PLANE ( 'NONE',  #2794 ) ;
#430 = ORIENTED_EDGE ( 'NONE', *, *, #2857, .F. ) ;
#431 = DIRECTION ( 'NONE',  ( 0.0000000000000000000, -0.0000000000000000000, 1.000000000000000000 ) ) ;
#432 = DIRECTION ( 'NONE',  ( 0.0000000000000000000, 0.0000000000000000000, 1.000000000000000000 ) ) ;
#433 = LINE ( 'NONE', #1219, #51 ) ;
#434 = FACE_OUTER_BOUND ( 'NONE', #3391, .T. ) ;
#435 = CARTESIAN_POINT ( 'NONE',  ( 7.024999999999998600, 1.429999999999999900, 4.580000000000001000 ) ) ;
#436 = EDGE_CURVE ( 'NONE', #794, #2174, #831, .T. ) ;
#437 = ORIENTED_EDGE ( 'NONE', *, *, #326, .T. ) ;
#438 = EDGE_LOOP ( 'NONE', ( #452, #715, #196, #1713 ) ) ;
#439 = DIRECTION ( 'NONE',  ( 0.0000000000000000000, 0.0000000000000000000, 1.000000000000000000 ) ) ;
#440 = ORIENTED_EDGE ( 'NONE', *, *, #3416, .F. ) ;
#441 = ORIENTED_EDGE ( 'NONE', *, *, #263, .F. ) ;
#442 = EDGE_CURVE ( 'NONE', #1210, #355, #2690, .T. ) ;
#443 = CARTESIAN_POINT ( 'NONE',  ( 3.974999999999998300, 3.326675723612349000, 3.945475611611680000 ) ) ;
#444 = CARTESIAN_POINT ( 'NONE',  ( -10.95500000000000000, -1.615000000000003500, 1.304999999999988200 ) ) ;
#445 = EDGE_LOOP ( 'NONE', ( #2747, #1829, #645, #3145 ) ) ;
#446 = ORIENTED_EDGE ( 'NONE', *, *, #1980, .F. ) ;
#447 = VERTEX_POINT ( 'NONE', #455 ) ;
#448 = PLANE ( 'NONE',  #2479 ) ;
#449 = EDGE_LOOP ( 'NONE', ( #2620, #1838, #2072, #3118 ) ) ;
#450 = CARTESIAN_POINT ( 'NONE',  ( -3.974999999999998300, 1.179999999999999000, -3.295000000000000800 ) ) ;
#451 = LINE ( 'NONE', #2934, #3140 ) ;
#452 = ORIENTED_EDGE ( 'NONE', *, *, #2873, .T. ) ;
#453 = VERTEX_POINT ( 'NONE', #722 ) ;
#454 = VECTOR ( 'NONE', #2370, 1000.000000000000000 ) ;
#455 = CARTESIAN_POINT ( 'NONE',  ( 7.024999999999998600, 3.563760189063893200, 3.866160063063140300 ) ) ;
#456 = CARTESIAN_POINT ( 'NONE',  ( -3.974999999999998300, 1.279999999999996700, -3.275492160360300900 ) ) ;
#457 = CARTESIAN_POINT ( 'NONE',  ( 7.050000000000000700, 3.429999999999999700, 0.6061361502748019400 ) ) ;
#458 = LINE ( 'NONE', #362, #417 ) ;
#459 = EDGE_CURVE ( 'NONE', #2924, #2715, #1163, .T. ) ;
#460 = CARTESIAN_POINT ( 'NONE',  ( -10.20500000000000000, 3.330000000000000100, 5.230000000000003100 ) ) ;
#461 = CIRCLE ( 'NONE', #2361, 0.09999999999999766000 ) ;
#462 = SURFACE_SIDE_STYLE ('',( #3499 ) ) ;
#463 = AXIS2_PLACEMENT_3D ( 'NONE', #384, #1241, #943 ) ;
#464 = ADVANCED_FACE ( 'NONE', ( #434 ), #195, .F. ) ;
#465 = DIRECTION ( 'NONE',  ( 0.0000000000000000000, 0.0000000000000000000, -1.000000000000000000 ) ) ;
#466 = DIRECTION ( 'NONE',  ( 1.000000000000000000, -0.0000000000000000000, -0.0000000000000000000 ) ) ;
#467 = CIRCLE ( 'NONE', #2661, 3.400000000000000400 ) ;
#468 = CARTESIAN_POINT ( 'NONE',  ( -3.899999999999999000, 3.330000000000000500, -9.669999999999999900 ) ) ;
#469 = DIRECTION ( 'NONE',  ( 0.8698854280611946200, -0.4932538312540434300, 0.0000000000000000000 ) ) ;
#470 = EDGE_CURVE ( 'NONE', #2437, #1737, #1035, .T. ) ;
#471 = ORIENTED_EDGE ( 'NONE', *, *, #1112, .T. ) ;
#472 = AXIS2_PLACEMENT_3D ( 'NONE', #2375, #1507, #658 ) ;
#473 = CARTESIAN_POINT ( 'NONE',  ( 6.205000000000000100, 3.680000000000000200, 5.919999999999998200 ) ) ;
#474 = DIRECTION ( 'NONE',  ( 1.000000000000000000, 0.0000000000000000000, 0.0000000000000000000 ) ) ;
#475 = VERTEX_POINT ( 'NONE', #985 ) ;
#476 = FACE_OUTER_BOUND ( 'NONE', #2269, .T. ) ;
#477 =( NAMED_UNIT ( * ) SI_UNIT ( $, .STERADIAN. ) SOLID_ANGLE_UNIT ( ) );
#478 = CARTESIAN_POINT ( 'NONE',  ( 3.949999999999998800, 3.680000000000000200, 4.580000000000001000 ) ) ;
#479 = CARTESIAN_POINT ( 'NONE',  ( 10.20500000000000200, 3.680000000000000200, 5.919999999999997300 ) ) ;
#480 = CYLINDRICAL_SURFACE ( 'NONE', #420, 0.3500000000000013700 ) ;
#481 = DIRECTION ( 'NONE',  ( 0.0000000000000000000, -1.000000000000000000, -0.0000000000000000000 ) ) ;
#482 = EDGE_CURVE ( 'NONE', #533, #2268, #1563, .T. ) ;
#483 = ORIENTED_EDGE ( 'NONE', *, *, #1430, .T. ) ;
#484 = DIRECTION ( 'NONE',  ( 1.000000000000000000, 3.540251991789402300E-015, 1.841532352416992700E-016 ) ) ;
#485 = VECTOR ( 'NONE', #3436, 1000.000000000000000 ) ;
#486 = ADVANCED_FACE ( 'NONE', ( #3511 ), #3082, .F. ) ;
#487 = ORIENTED_EDGE ( 'NONE', *, *, #1510, .F. ) ;
#488 = ORIENTED_EDGE ( 'NONE', *, *, #3276, .T. ) ;
#489 = CARTESIAN_POINT ( 'NONE',  ( 10.20499999999999800, 3.429999999999999700, 5.230000000000003100 ) ) ;
#490 = AXIS2_PLACEMENT_3D ( 'NONE', #1694, #2303, #76 ) ;
#491 = CARTESIAN_POINT ( 'NONE',  ( 0.0000000000000000000, 0.0000000000000000000, 0.0000000000000000000 ) ) ;
#492 = ORIENTED_EDGE ( 'NONE', *, *, #749, .F. ) ;
#493 = ORIENTED_EDGE ( 'NONE', *, *, #662, .T. ) ;
#494 = CARTESIAN_POINT ( 'NONE',  ( 3.974999999999998300, 3.430000000000000200, 4.580000000000001000 ) ) ;
#495 = ORIENTED_EDGE ( 'NONE', *, *, #2071, .T. ) ;
#496 = EDGE_CURVE ( 'NONE', #844, #2614, #1650, .T. ) ;
#497 = CARTESIAN_POINT ( 'NONE',  ( 10.68240439005845700, -2.199824814637223000, -0.2650000000000117800 ) ) ;
#498 = ORIENTED_EDGE ( 'NONE', *, *, #194, .F. ) ;
#499 = AXIS2_PLACEMENT_3D ( 'NONE', #627, #2813, #2576 ) ;
#500 = LINE ( 'NONE', #705, #2877 ) ;
#501 = ORIENTED_EDGE ( 'NONE', *, *, #1890, .T. ) ;
#502 = ORIENTED_EDGE ( 'NONE', *, *, #3300, .T. ) ;
#503 = LINE ( 'NONE', #2680, #2797 ) ;
#504 = CARTESIAN_POINT ( 'NONE',  ( 11.05500000000000000, -1.615000000000003500, 1.304999999999988200 ) ) ;
#505 = FACE_OUTER_BOUND ( 'NONE', #1529, .T. ) ;
#506 = DIRECTION ( 'NONE',  ( 0.0000000000000000000, 0.0000000000000000000, 1.000000000000000000 ) ) ;
#507 = VECTOR ( 'NONE', #792, 1000.000000000000000 ) ;
#508 = DIRECTION ( 'NONE',  ( -3.540251991789402300E-015, 1.000000000000000000, 0.0000000000000000000 ) ) ;
#509 = EDGE_CURVE ( 'NONE', #3248, #3426, #1125, .T. ) ;
#510 = LINE ( 'NONE', #340, #2679 ) ;
#511 = CARTESIAN_POINT ( 'NONE',  ( 3.974999999999998300, 3.563760189063893200, 3.866160063063140300 ) ) ;
#512 = DIRECTION ( 'NONE',  ( 0.0000000000000000000, 0.0000000000000000000, 1.000000000000000000 ) ) ;
#513 = ORIENTED_EDGE ( 'NONE', *, *, #2412, .T. ) ;
#514 = DIRECTION ( 'NONE',  ( -0.0000000000000000000, -0.0000000000000000000, -1.000000000000000000 ) ) ;
#515 = LINE ( 'NONE', #2172, #3254 ) ;
#516 = DIRECTION ( 'NONE',  ( -0.7607025316406785800, 0.0000000000000000000, 0.6491006534856227400 ) ) ;
#517 = EDGE_CURVE ( 'NONE', #3160, #1210, #2778, .T. ) ;
#518 = ADVANCED_FACE ( 'NONE', ( #1604 ), #480, .T. ) ;
#519 = AXIS2_PLACEMENT_3D ( 'NONE', #348, #1775, #3406 ) ;
#520 = LINE ( 'NONE', #1596, #2563 ) ;
#521 = CARTESIAN_POINT ( 'NONE',  ( 3.949999999999999700, 3.429999999999999700, 0.6061361502748022800 ) ) ;
#522 = ORIENTED_EDGE ( 'NONE', *, *, #573, .F. ) ;
#523 =( NAMED_UNIT ( * ) PLANE_ANGLE_UNIT ( ) SI_UNIT ( $, .RADIAN. ) );
#524 = VECTOR ( 'NONE', #1710, 1000.000000000000000 ) ;
#525 = ORIENTED_EDGE ( 'NONE', *, *, #2745, .F. ) ;
#526 = EDGE_LOOP ( 'NONE', ( #999, #322, #1084, #529 ) ) ;
#527 = EDGE_CURVE ( 'NONE', #1161, #3418, #996, .T. ) ;
#528 = ORIENTED_EDGE ( 'NONE', *, *, #74, .T. ) ;
#529 = ORIENTED_EDGE ( 'NONE', *, *, #3049, .T. ) ;
#530 = CARTESIAN_POINT ( 'NONE',  ( -10.20500000000000700, 3.679999999999997500, 5.230000000000003100 ) ) ;
#531 = EDGE_LOOP ( 'NONE', ( #1030, #344, #3576, #2122 ) ) ;
#532 = AXIS2_PLACEMENT_3D ( 'NONE', #3562, #1076, #1320 ) ;
#533 = VERTEX_POINT ( 'NONE', #2137 ) ;
#534 = CARTESIAN_POINT ( 'NONE',  ( -10.72473290051913100, -2.223826481158454700, 0.5199999999999882500 ) ) ;
#535 = ADVANCED_FACE ( 'NONE', ( #1079 ), #310, .F. ) ;
#536 = ORIENTED_EDGE ( 'NONE', *, *, #1293, .T. ) ;
#537 = DIRECTION ( 'NONE',  ( 1.000000000000000000, -0.0000000000000000000, -0.0000000000000000000 ) ) ;
#538 = VERTEX_POINT ( 'NONE', #2382 ) ;
#539 = LINE ( 'NONE', #2029, #366 ) ;
#540 = EDGE_CURVE ( 'NONE', #2298, #101, #349, .T. ) ;
#541 = ORIENTED_EDGE ( 'NONE', *, *, #3325, .T. ) ;
#542 = DIRECTION ( 'NONE',  ( -1.000000000000000000, 3.540251991789402300E-015, 1.841532352416992700E-016 ) ) ;
#543 = VECTOR ( 'NONE', #815, 1000.000000000000000 ) ;
#544 = DIRECTION ( 'NONE',  ( 0.0000000000000000000, -0.0000000000000000000, -1.000000000000000000 ) ) ;
#545 = DIRECTION ( 'NONE',  ( -1.000000000000000000, -0.0000000000000000000, -0.0000000000000000000 ) ) ;
#546 = AXIS2_PLACEMENT_3D ( 'NONE', #207, #2439, #771 ) ;
#547 = LINE ( 'NONE', #2008, #1059 ) ;
#548 = DIRECTION ( 'NONE',  ( 0.0000000000000000000, 0.0000000000000000000, 1.000000000000000000 ) ) ;
#549 = LINE ( 'NONE', #188, #3587 ) ;
#550 = DIRECTION ( 'NONE',  ( 0.0000000000000000000, 0.0000000000000000000, -1.000000000000000000 ) ) ;
#551 = LINE ( 'NONE', #2557, #2982 ) ;
#552 = CARTESIAN_POINT ( 'NONE',  ( -3.899999999999999000, 3.429999999999999700, -9.570000000000000300 ) ) ;
#553 = EDGE_CURVE ( 'NONE', #1862, #2921, #3341, .T. ) ;
#554 = DIRECTION ( 'NONE',  ( -1.000000000000000000, -0.0000000000000000000, -0.0000000000000000000 ) ) ;
#555 = DIRECTION ( 'NONE',  ( -0.0000000000000000000, -0.0000000000000000000, -1.000000000000000000 ) ) ;
#556 = VERTEX_POINT ( 'NONE', #2432 ) ;
#557 = EDGE_CURVE ( 'NONE', #1819, #3580, #1855, .T. ) ;
#558 = CARTESIAN_POINT ( 'NONE',  ( 3.899999999999999000, 3.429999999999999700, -9.570000000000000300 ) ) ;
#559 = ORIENTED_EDGE ( 'NONE', *, *, #2725, .F. ) ;
#560 = AXIS2_PLACEMENT_3D ( 'NONE', #2435, #769, #242 ) ;
#561 = VECTOR ( 'NONE', #1691, 1000.000000000000000 ) ;
#562 = LINE ( 'NONE', #1306, #2443 ) ;
#563 = AXIS2_PLACEMENT_3D ( 'NONE', #2688, #2433, #2424 ) ;
#564 = ORIENTED_EDGE ( 'NONE', *, *, #2969, .F. ) ;
#565 = CARTESIAN_POINT ( 'NONE',  ( 7.049999999999998900, 3.680000000000000200, 4.580000000000001000 ) ) ;
#566 = CIRCLE ( 'NONE', #1784, 1.524999999999999900 ) ;
#567 = CARTESIAN_POINT ( 'NONE',  ( -7.024999999999998600, 1.185166213819379000, -3.243765940940885400 ) ) ;
#568 = ORIENTED_EDGE ( 'NONE', *, *, #2162, .F. ) ;
#569 = VERTEX_POINT ( 'NONE', #1355 ) ;
#570 = PLANE ( 'NONE',  #1484 ) ;
#571 = ORIENTED_EDGE ( 'NONE', *, *, #2011, .T. ) ;
#572 = ORIENTED_EDGE ( 'NONE', *, *, #312, .T. ) ;
#573 = EDGE_CURVE ( 'NONE', #3460, #86, #272, .T. ) ;
#574 = ORIENTED_EDGE ( 'NONE', *, *, #416, .F. ) ;
#575 = ORIENTED_EDGE ( 'NONE', *, *, #1319, .F. ) ;
#576 = DIRECTION ( 'NONE',  ( -0.4932538312540420400, 0.8698854280611952900, 0.0000000000000000000 ) ) ;
#577 = LINE ( 'NONE', #718, #1958 ) ;
#578 = DIRECTION ( 'NONE',  ( 0.0000000000000000000, 1.000000000000000000, 0.0000000000000000000 ) ) ;
#579 = ORIENTED_EDGE ( 'NONE', *, *, #3207, .F. ) ;
#580 = EDGE_CURVE ( 'NONE', #1568, #292, #1938, .T. ) ;
#581 = ORIENTED_EDGE ( 'NONE', *, *, #939, .T. ) ;
#582 = DIRECTION ( 'NONE',  ( 1.000000000000000000, -3.491481338843133400E-015, 0.0000000000000000000 ) ) ;
#583 = LINE ( 'NONE', #468, #1354 ) ;
#584 = EDGE_CURVE ( 'NONE', #3363, #2272, #3161, .T. ) ;
#585 = LINE ( 'NONE', #1790, #35 ) ;
#586 = ADVANCED_FACE ( 'NONE', ( #913 ), #3291, .T. ) ;
#587 = LINE ( 'NONE', #1468, #1492 ) ;
#588 = CARTESIAN_POINT ( 'NONE',  ( -3.447222222222221500, 3.680000000000000200, 8.817354263529926700 ) ) ;
#589 = CARTESIAN_POINT ( 'NONE',  ( -10.68240439005845700, -2.199824814637223000, -0.2650000000000117800 ) ) ;
#590 = DIRECTION ( 'NONE',  ( -0.0000000000000000000, 0.0000000000000000000, 1.000000000000000000 ) ) ;
#591 = LINE ( 'NONE', #3489, #1926 ) ;
#592 = CARTESIAN_POINT ( 'NONE',  ( 7.024999999999998600, 3.563760189063893200, 3.866160063063140300 ) ) ;
#593 = LINE ( 'NONE', #2146, #428 ) ;
#594 = CARTESIAN_POINT ( 'NONE',  ( 4.336808689942017700E-015, 3.429999999999999700, 12.43904709294233900 ) ) ;
#595 = DIRECTION ( 'NONE',  ( -0.4932538312540399900, -0.8698854280611965100, 0.0000000000000000000 ) ) ;
#596 = CARTESIAN_POINT ( 'NONE',  ( -7.024999999999998600, 1.185166213819379000, -3.295000000000000800 ) ) ;
#597 = AXIS2_PLACEMENT_3D ( 'NONE', #1949, #3588, #1383 ) ;
#598 = EDGE_LOOP ( 'NONE', ( #2169, #1600, #1179, #1004 ) ) ;
#599 = PLANE ( 'NONE',  #1846 ) ;
#600 = VECTOR ( 'NONE', #1113, 1000.000000000000000 ) ;
#601 = CARTESIAN_POINT ( 'NONE',  ( 7.024999999999998600, 3.326675723612349400, 3.945475611611680000 ) ) ;
#602 = FACE_OUTER_BOUND ( 'NONE', #3384, .T. ) ;
#603 = CARTESIAN_POINT ( 'NONE',  ( 10.55500000000001200, 2.173912941693391400E-015, -4.189999999999997700 ) ) ;
#604 = ADVANCED_FACE ( 'NONE', ( #3125 ), #3017, .T. ) ;
#605 = EDGE_CURVE ( 'NONE', #2968, #2653, #1776, .T. ) ;
#606 = CARTESIAN_POINT ( 'NONE',  ( 10.55500000000001000, 8.687388871689990900E-016, 5.230000000000002200 ) ) ;
#607 = AXIS2_PLACEMENT_3D ( 'NONE', #2937, #2416, #2673 ) ;
#608 = FACE_OUTER_BOUND ( 'NONE', #63, .T. ) ;
#609 = DIRECTION ( 'NONE',  ( -1.000000000000000000, 0.0000000000000000000, 0.0000000000000000000 ) ) ;
#610 = ORIENTED_EDGE ( 'NONE', *, *, #2587, .F. ) ;
#611 = ORIENTED_EDGE ( 'NONE', *, *, #1262, .F. ) ;
#612 = ORIENTED_EDGE ( 'NONE', *, *, #3573, .T. ) ;
#613 = PLANE ( 'NONE',  #1396 ) ;
#614 = ORIENTED_EDGE ( 'NONE', *, *, #2287, .F. ) ;
#615 = ORIENTED_EDGE ( 'NONE', *, *, #928, .F. ) ;
#616 = VECTOR ( 'NONE', #1428, 1000.000000000000000 ) ;
#617 = VERTEX_POINT ( 'NONE', #3273 ) ;
#618 = CARTESIAN_POINT ( 'NONE',  ( -11.25945989982141900, -1.787638840938917000, 1.304999999999988200 ) ) ;
#619 = EDGE_CURVE ( 'NONE', #3340, #2309, #1816, .T. ) ;
#620 = ORIENTED_EDGE ( 'NONE', *, *, #2636, .T. ) ;
#621 = VECTOR ( 'NONE', #2151, 1000.000000000000000 ) ;
#622 = DIRECTION ( 'NONE',  ( 0.0000000000000000000, 1.000000000000000000, 0.0000000000000000000 ) ) ;
#623 = EDGE_LOOP ( 'NONE', ( #3434, #1012, #2081, #2610 ) ) ;
#624 = DIRECTION ( 'NONE',  ( -0.8698854280611961800, -0.4932538312540407600, 0.0000000000000000000 ) ) ;
#625 = CIRCLE ( 'NONE', #3327, 0.09999999999999982500 ) ;
#626 = EDGE_CURVE ( 'NONE', #2272, #1391, #2527, .T. ) ;
#627 = CARTESIAN_POINT ( 'NONE',  ( -3.899999999999999000, 3.430000000000000600, -9.919999999999999900 ) ) ;
#628 = VECTOR ( 'NONE', #2618, 1000.000000000000000 ) ;
#629 = FACE_OUTER_BOUND ( 'NONE', #268, .T. ) ;
#630 = PLANE ( 'NONE',  #1359 ) ;
#631 = CIRCLE ( 'NONE', #2034, 1.524999999999999900 ) ;
#632 = CARTESIAN_POINT ( 'NONE',  ( 11.04198854280611800, -1.565674616874598700, -0.2650000000000117800 ) ) ;
#633 = CYLINDRICAL_SURFACE ( 'NONE', #1952, 0.3500000000000000300 ) ;
#634 = DIRECTION ( 'NONE',  ( 0.4932538312540420400, -0.8698854280611952900, 0.0000000000000000000 ) ) ;
#635 = CARTESIAN_POINT ( 'NONE',  ( 4.336808689942017700E-015, 3.429999999999999700, 12.43904709294233900 ) ) ;
#636 = ORIENTED_EDGE ( 'NONE', *, *, #3095, .F. ) ;
#637 = EDGE_CURVE ( 'NONE', #276, #765, #562, .T. ) ;
#638 = CARTESIAN_POINT ( 'NONE',  ( 3.949999999999998800, 3.429999999999999700, 4.580000000000001000 ) ) ;
#639 = ADVANCED_FACE ( 'NONE', ( #228 ), #1467, .F. ) ;
#640 = ORIENTED_EDGE ( 'NONE', *, *, #1655, .F. ) ;
#641 = FACE_OUTER_BOUND ( 'NONE', #3477, .T. ) ;
#642 = ORIENTED_EDGE ( 'NONE', *, *, #2133, .T. ) ;
#643 = DIRECTION ( 'NONE',  ( 0.0000000000000000000, 0.9483378618061746300, -0.3172621941941602400 ) ) ;
#644 = VECTOR ( 'NONE', #182, 1000.000000000000000 ) ;
#645 = ORIENTED_EDGE ( 'NONE', *, *, #3115, .T. ) ;
#646 = CARTESIAN_POINT ( 'NONE',  ( 3.974999999999998300, 1.429999999999999900, 4.580000000000001000 ) ) ;
#647 = VECTOR ( 'NONE', #863, 1000.000000000000000 ) ;
#648 = EDGE_CURVE ( 'NONE', #393, #3046, #3041, .T. ) ;
#649 = AXIS2_PLACEMENT_3D ( 'NONE', #444, #1000, #1833 ) ;
#650 = ORIENTED_EDGE ( 'NONE', *, *, #3390, .T. ) ;
#651 = EDGE_LOOP ( 'NONE', ( #3397, #2020, #748, #282, #805, #1689 ) ) ;
#652 = DIRECTION ( 'NONE',  ( 1.841532352416992700E-016, 1.381149264312744600E-016, -1.000000000000000000 ) ) ;
#653 = PLANE ( 'NONE',  #3097 ) ;
#654 = CARTESIAN_POINT ( 'NONE',  ( 10.55500000000000100, -0.2000000000000035400, 1.304999999999988200 ) ) ;
#655 = ORIENTED_EDGE ( 'NONE', *, *, #979, .F. ) ;
#656 = VERTEX_POINT ( 'NONE', #2149 ) ;
#657 = DIRECTION ( 'NONE',  ( 0.0000000000000000000, 0.0000000000000000000, -1.000000000000000000 ) ) ;
#658 = DIRECTION ( 'NONE',  ( -4.448008912761048700E-016, 0.0000000000000000000, 1.000000000000000000 ) ) ;
#659 = VERTEX_POINT ( 'NONE', #1879 ) ;
#660 = ADVANCED_FACE ( 'NONE', ( #2953 ), #740, .F. ) ;
#661 = ORIENTED_EDGE ( 'NONE', *, *, #425, .F. ) ;
#662 = EDGE_CURVE ( 'NONE', #105, #453, #10, .T. ) ;
#663 = CARTESIAN_POINT ( 'NONE',  ( -10.55500000000000300, -0.1736211735835888900, -0.2650000000000117800 ) ) ;
#664 = VECTOR ( 'NONE', #2929, 1000.000000000000000 ) ;
#665 = ORIENTED_EDGE ( 'NONE', *, *, #2002, .F. ) ;
#666 = LINE ( 'NONE', #1078, #2378 ) ;
#667 = CARTESIAN_POINT ( 'NONE',  ( 3.974999999999998300, 0.9299999999999989400, -3.295000000000000800 ) ) ;
#668 = VECTOR ( 'NONE', #634, 1000.000000000000000 ) ;
#669 = CARTESIAN_POINT ( 'NONE',  ( 11.30500000000000100, -1.615000000000003500, 1.304999999999988200 ) ) ;
#670 = DIRECTION ( 'NONE',  ( -1.000000000000000000, 0.0000000000000000000, 0.0000000000000000000 ) ) ;
#671 = EDGE_CURVE ( 'NONE', #1737, #1301, #2306, .T. ) ;
#672 = LINE ( 'NONE', #3543, #2240 ) ;
#673 = DIRECTION ( 'NONE',  ( 0.0000000000000000000, -0.0000000000000000000, -1.000000000000000000 ) ) ;
#674 = DIRECTION ( 'NONE',  ( 0.4932538312540420400, 0.8698854280611952900, 0.0000000000000000000 ) ) ;
#675 = AXIS2_PLACEMENT_3D ( 'NONE', #2568, #2467, #2897 ) ;
#676 = CARTESIAN_POINT ( 'NONE',  ( -10.94220425753443100, -2.347139938971965800, 0.5199999999999882500 ) ) ;
#677 = ADVANCED_FACE ( 'NONE', ( #736 ), #2522, .T. ) ;
#678 = PLANE ( 'NONE',  #2951 ) ;
#679 = LINE ( 'NONE', #981, #1154 ) ;
#680 = ORIENTED_EDGE ( 'NONE', *, *, #2033, .T. ) ;
#681 = DIRECTION ( 'NONE',  ( 1.734723475976847800E-014, 1.000000000000000000, 0.0000000000000000000 ) ) ;
#682 = DIRECTION ( 'NONE',  ( 0.0000000000000000000, 0.0000000000000000000, 1.000000000000000000 ) ) ;
#683 = VERTEX_POINT ( 'NONE', #1367 ) ;
#684 = VECTOR ( 'NONE', #1895, 1000.000000000000000 ) ;
#685 = PLANE ( 'NONE',  #2164 ) ;
#686 = CARTESIAN_POINT ( 'NONE',  ( -7.024999999999998600, 1.179999999999999000, -3.275492160360300900 ) ) ;
#687 = EDGE_CURVE ( 'NONE', #1466, #886, #1814, .T. ) ;
#688 = EDGE_LOOP ( 'NONE', ( #3253, #359, #1049, #3356 ) ) ;
#689 = CIRCLE ( 'NONE', #1760, 4.000000000000000000 ) ;
#690 = CARTESIAN_POINT ( 'NONE',  ( -5.499999999999998200, 1.179999999999999000, -3.295000000000000800 ) ) ;
#691 = DIRECTION ( 'NONE',  ( 0.0000000000000000000, 1.000000000000000000, 0.0000000000000000000 ) ) ;
#692 = DIRECTION ( 'NONE',  ( 1.000000000000000000, 0.0000000000000000000, -0.0000000000000000000 ) ) ;
#693 = CARTESIAN_POINT ( 'NONE',  ( -7.024999999999998600, 3.430000000000000200, 4.580000000000001000 ) ) ;
#694 = VERTEX_POINT ( 'NONE', #3088 ) ;
#695 = EDGE_CURVE ( 'NONE', #292, #3535, #2393, .T. ) ;
#696 = DIRECTION ( 'NONE',  ( 0.0000000000000000000, -0.0000000000000000000, -1.000000000000000000 ) ) ;
#697 = DIRECTION ( 'NONE',  ( -0.0000000000000000000, -0.0000000000000000000, 1.000000000000000000 ) ) ;
#698 = ORIENTED_EDGE ( 'NONE', *, *, #3007, .T. ) ;
#699 = VECTOR ( 'NONE', #3250, 1000.000000000000000 ) ;
#700 = ORIENTED_EDGE ( 'NONE', *, *, #3197, .F. ) ;
#701 = EDGE_CURVE ( 'NONE', #276, #368, #2482, .T. ) ;
#702 = CARTESIAN_POINT ( 'NONE',  ( 3.974999999999998300, 1.179999999999999000, -3.218499084290297400 ) ) ;
#703 = ORIENTED_EDGE ( 'NONE', *, *, #442, .F. ) ;
#704 = VERTEX_POINT ( 'NONE', #3352 ) ;
#705 = CARTESIAN_POINT ( 'NONE',  ( 10.20500000000000200, 3.429999999999999700, 5.919999999999997300 ) ) ;
#706 = ORIENTED_EDGE ( 'NONE', *, *, #1692, .T. ) ;
#707 = DIRECTION ( 'NONE',  ( -1.000000000000000000, 0.0000000000000000000, 0.0000000000000000000 ) ) ;
#708 = LINE ( 'NONE', #2851, #1668 ) ;
#709 = ORIENTED_EDGE ( 'NONE', *, *, #1736, .T. ) ;
#710 = DIRECTION ( 'NONE',  ( 1.000000000000000000, 1.112002228190262400E-016, -4.448008912761049700E-016 ) ) ;
#711 = ORIENTED_EDGE ( 'NONE', *, *, #2162, .T. ) ;
#712 = CARTESIAN_POINT ( 'NONE',  ( -10.72473290051913300, -2.223826481158456000, -0.2650000000000117800 ) ) ;
#713 = CARTESIAN_POINT ( 'NONE',  ( 7.024999999999998600, 1.185166213819379000, -3.243765940940885400 ) ) ;
#714 = LINE ( 'NONE', #2736, #1798 ) ;
#715 = ORIENTED_EDGE ( 'NONE', *, *, #2381, .F. ) ;
#716 = CIRCLE ( 'NONE', #853, 0.3499999999999978700 ) ;
#717 = DIRECTION ( 'NONE',  ( -1.000000000000000000, 0.0000000000000000000, 0.0000000000000000000 ) ) ;
#718 = CARTESIAN_POINT ( 'NONE',  ( -10.20499999999999800, 3.680000000000000200, 5.230000000000003100 ) ) ;
#719 = ADVANCED_FACE ( 'NONE', ( #3422 ), #868, .T. ) ;
#720 = VECTOR ( 'NONE', #842, 1000.000000000000200 ) ;
#721 = DIRECTION ( 'NONE',  ( 1.000000000000000000, 0.0000000000000000000, -0.0000000000000000000 ) ) ;
#722 = CARTESIAN_POINT ( 'NONE',  ( 3.974999999999998300, 1.179999999999999000, -3.275492160360300900 ) ) ;
#723 = VECTOR ( 'NONE', #2010, 1000.000000000000000 ) ;
#724 = DIRECTION ( 'NONE',  ( -0.0000000000000000000, -1.000000000000000000, -0.0000000000000000000 ) ) ;
#725 = EDGE_CURVE ( 'NONE', #1120, #3062, #2776, .T. ) ;
#726 = AXIS2_PLACEMENT_3D ( 'NONE', #2597, #103, #1726 ) ;
#727 = FACE_OUTER_BOUND ( 'NONE', #3269, .T. ) ;
#728 = DIRECTION ( 'NONE',  ( 1.000000000000000000, 0.0000000000000000000, 0.0000000000000000000 ) ) ;
#729 = CARTESIAN_POINT ( 'NONE',  ( -5.499999999999998200, 1.179999999999999000, -3.295000000000000800 ) ) ;
#730 = DIRECTION ( 'NONE',  ( 2.182665966395359800E-016, 0.0000000000000000000, -1.000000000000000000 ) ) ;
#731 = ORIENTED_EDGE ( 'NONE', *, *, #3416, .T. ) ;
#732 = DIRECTION ( 'NONE',  ( -0.8698854280611946200, -0.4932538312540434300, 0.0000000000000000000 ) ) ;
#733 = DIRECTION ( 'NONE',  ( -3.540251991789402300E-015, 1.000000000000000000, 1.751623080406021300E-046 ) ) ;
#734 = ORIENTED_EDGE ( 'NONE', *, *, #2884, .T. ) ;
#735 = CARTESIAN_POINT ( 'NONE',  ( -11.04198854280611800, -1.664325383125406600, 1.304999999999988200 ) ) ;
#736 = FACE_OUTER_BOUND ( 'NONE', #2276, .T. ) ;
#737 = DIRECTION ( 'NONE',  ( 1.000000000000000000, 0.0000000000000000000, -0.0000000000000000000 ) ) ;
#738 = ADVANCED_FACE ( 'NONE', ( #476 ), #3339, .T. ) ;
#739 = ORIENTED_EDGE ( 'NONE', *, *, #1957, .T. ) ;
#740 = CYLINDRICAL_SURFACE ( 'NONE', #2697, 2.000000000000000000 ) ;
#741 = CARTESIAN_POINT ( 'NONE',  ( 11.04198854280611800, -1.565674616874598700, -0.2650000000000117800 ) ) ;
#742 = AXIS2_PLACEMENT_3D ( 'NONE', #750, #3495, #2080 ) ;
#743 = VERTEX_POINT ( 'NONE', #1680 ) ;
#744 =( LENGTH_UNIT ( ) NAMED_UNIT ( * ) SI_UNIT ( .MILLI., .METRE. ) );
#745 = VECTOR ( 'NONE', #1752, 1000.000000000000000 ) ;
#746 = DIRECTION ( 'NONE',  ( -1.000000000000000000, 4.336808689942119500E-015, 0.0000000000000000000 ) ) ;
#747 = DIRECTION ( 'NONE',  ( 0.4932538312540421000, 0.8698854280611952900, 0.0000000000000000000 ) ) ;
#748 = ORIENTED_EDGE ( 'NONE', *, *, #470, .F. ) ;
#749 = EDGE_CURVE ( 'NONE', #3165, #2359, #1732, .T. ) ;
#750 = CARTESIAN_POINT ( 'NONE',  ( -10.95500000000000000, -1.615000000000003500, -0.2650000000000117800 ) ) ;
#751 = AXIS2_PLACEMENT_3D ( 'NONE', #473, #1576, #3225 ) ;
#752 = CARTESIAN_POINT ( 'NONE',  ( -10.33752864298471000, -2.906686542186493600, 0.5199999999999882500 ) ) ;
#753 = DIRECTION ( 'NONE',  ( 0.0000000000000000000, -0.0000000000000000000, -1.000000000000000000 ) ) ;
#754 = ORIENTED_EDGE ( 'NONE', *, *, #2246, .F. ) ;
#755 = ORIENTED_EDGE ( 'NONE', *, *, #1540, .T. ) ;
#756 = CARTESIAN_POINT ( 'NONE',  ( -7.050000000000000700, 3.680000000000000200, 0.6061361502748019400 ) ) ;
#757 = ORIENTED_EDGE ( 'NONE', *, *, #2958, .T. ) ;
#758 = AXIS2_PLACEMENT_3D ( 'NONE', #3328, #2239, #2524 ) ;
#759 = ORIENTED_EDGE ( 'NONE', *, *, #2412, .F. ) ;
#760 = CARTESIAN_POINT ( 'NONE',  ( 3.447222222222221500, 3.680000000000000200, 8.817354263529926700 ) ) ;
#761 = LINE ( 'NONE', #2684, #2372 ) ;
#762 = ADVANCED_FACE ( 'NONE', ( #1075 ), #3038, .T. ) ;
#763 = ORIENTED_EDGE ( 'NONE', *, *, #2200, .T. ) ;
#764 = DIRECTION ( 'NONE',  ( 0.4932538312540469300, -0.8698854280611925100, 0.0000000000000000000 ) ) ;
#765 = VERTEX_POINT ( 'NONE', #2804 ) ;
#766 = CYLINDRICAL_SURFACE ( 'NONE', #1837, 0.09999999999999982500 ) ;
#767 = CIRCLE ( 'NONE', #1091, 4.000000000000000000 ) ;
#768 = EDGE_CURVE ( 'NONE', #2174, #2359, #87, .T. ) ;
#769 = DIRECTION ( 'NONE',  ( -1.000000000000000000, 0.0000000000000000000, 0.0000000000000000000 ) ) ;
#770 = FACE_OUTER_BOUND ( 'NONE', #449, .T. ) ;
#771 = DIRECTION ( 'NONE',  ( 0.0000000000000000000, 0.0000000000000000000, -1.000000000000000000 ) ) ;
#772 = AXIS2_PLACEMENT_3D ( 'NONE', #2735, #1343, #1631 ) ;
#773 = EDGE_CURVE ( 'NONE', #941, #2615, #2021, .T. ) ;
#774 = DIRECTION ( 'NONE',  ( 1.000000000000000000, 0.0000000000000000000, -0.0000000000000000000 ) ) ;
#775 = DIRECTION ( 'NONE',  ( -0.4932538312540420400, -0.8698854280611952900, 0.0000000000000000000 ) ) ;
#776 = DIRECTION ( 'NONE',  ( 1.000000000000000000, 0.0000000000000000000, -0.0000000000000000000 ) ) ;
#777 = EDGE_CURVE ( 'NONE', #1313, #3052, #2646, .T. ) ;
#778 = ADVANCED_FACE ( 'NONE', ( #2821 ), #2600, .T. ) ;
#779 = ORIENTED_EDGE ( 'NONE', *, *, #2178, .T. ) ;
#780 = AXIS2_PLACEMENT_3D ( 'NONE', #2562, #2307, #2297 ) ;
#781 = ORIENTED_EDGE ( 'NONE', *, *, #285, .T. ) ;
#782 = VECTOR ( 'NONE', #537, 1000.000000000000000 ) ;
#783 = CARTESIAN_POINT ( 'NONE',  ( -3.900000000000000800, 3.329999999999999600, -9.570000000000000300 ) ) ;
#784 = VECTOR ( 'NONE', #2488, 1000.000000000000100 ) ;
#785 = CARTESIAN_POINT ( 'NONE',  ( 6.205000000000000100, 3.429999999999999700, 5.919999999999998200 ) ) ;
#786 = PLANE ( 'NONE',  #2752 ) ;
#787 = DIRECTION ( 'NONE',  ( -1.000000000000000000, 0.0000000000000000000, 0.0000000000000000000 ) ) ;
#788 = VECTOR ( 'NONE', #622, 1000.000000000000000 ) ;
#789 = CARTESIAN_POINT ( 'NONE',  ( -11.25945989982141900, -1.787638840938917000, 1.304999999999988200 ) ) ;
#790 = ORIENTED_EDGE ( 'NONE', *, *, #3155, .T. ) ;
#791 = ORIENTED_EDGE ( 'NONE', *, *, #1189, .T. ) ;
#792 = DIRECTION ( 'NONE',  ( -1.000000000000000000, -3.491481338843133400E-015, -1.841532352416992700E-016 ) ) ;
#793 = EDGE_CURVE ( 'NONE', #990, #3248, #2167, .T. ) ;
#794 = VERTEX_POINT ( 'NONE', #3192 ) ;
#795 = ADVANCED_FACE ( 'NONE', ( #2907 ), #130, .T. ) ;
#796 = VERTEX_POINT ( 'NONE', #2041 ) ;
#797 = CARTESIAN_POINT ( 'NONE',  ( -5.500000000000000000, 3.429999999999999700, -2.420000000000000400 ) ) ;
#798 = ORIENTED_EDGE ( 'NONE', *, *, #3376, .F. ) ;
#799 = EDGE_CURVE ( 'NONE', #1260, #1903, #1982, .T. ) ;
#800 = VERTEX_POINT ( 'NONE', #1204 ) ;
#801 = AXIS2_PLACEMENT_3D ( 'NONE', #1083, #3033, #3287 ) ;
#802 = CARTESIAN_POINT ( 'NONE',  ( -3.899999999999999500, 3.816076242880621500E-014, -9.670000000000012400 ) ) ;
#803 = LINE ( 'NONE', #638, #2922 ) ;
#804 = VERTEX_POINT ( 'NONE', #3150 ) ;
#805 = ORIENTED_EDGE ( 'NONE', *, *, #1069, .T. ) ;
#806 = CARTESIAN_POINT ( 'NONE',  ( -11.04198854280611800, -1.664325383125406600, -0.2650000000000117800 ) ) ;
#807 = LINE ( 'NONE', #1886, #69 ) ;
#808 = PLANE ( 'NONE',  #560 ) ;
#809 = VERTEX_POINT ( 'NONE', #1785 ) ;
#810 = CARTESIAN_POINT ( 'NONE',  ( -10.30500000000000900, 5.172430128933278100E-015, 1.304999999999988200 ) ) ;
#811 = FACE_OUTER_BOUND ( 'NONE', #1987, .T. ) ;
#812 = CARTESIAN_POINT ( 'NONE',  ( -7.024999999999998600, 1.185166213819379000, -3.243765940940885400 ) ) ;
#813 = DIRECTION ( 'NONE',  ( 0.0000000000000000000, 0.0000000000000000000, 1.000000000000000000 ) ) ;
#814 = VECTOR ( 'NONE', #578, 1000.000000000000000 ) ;
#815 = DIRECTION ( 'NONE',  ( 3.469446951953613600E-014, -1.000000000000000000, 0.0000000000000000000 ) ) ;
#816 = ADVANCED_FACE ( 'NONE', ( #1896 ), #1533, .T. ) ;
#817 = EDGE_CURVE ( 'NONE', #800, #2374, #3037, .T. ) ;
#818 = CIRCLE ( 'NONE', #3538, 0.09999999999999982500 ) ;
#819 = VECTOR ( 'NONE', #3171, 1000.000000000000000 ) ;
#820 = LINE ( 'NONE', #3229, #3331 ) ;
#821 = CARTESIAN_POINT ( 'NONE',  ( 10.20500000000000000, 3.429999999999999700, -4.189999999999998600 ) ) ;
#822 = EDGE_CURVE ( 'NONE', #96, #656, #433, .T. ) ;
#823 = DIRECTION ( 'NONE',  ( 0.0000000000000000000, -0.0000000000000000000, -1.000000000000000000 ) ) ;
#824 = CARTESIAN_POINT ( 'NONE',  ( 3.974999999999998300, 1.279999999999996700, -3.275492160360300900 ) ) ;
#825 = VERTEX_POINT ( 'NONE', #3465 ) ;
#826 = CARTESIAN_POINT ( 'NONE',  ( 10.30500000000000900, 5.172430128933278100E-015, 1.304999999999988200 ) ) ;
#827 = AXIS2_PLACEMENT_3D ( 'NONE', #1651, #279, #1126 ) ;
#828 = ORIENTED_EDGE ( 'NONE', *, *, #2082, .T. ) ;
#829 = VECTOR ( 'NONE', #116, 1000.000000000000200 ) ;
#830 = CARTESIAN_POINT ( 'NONE',  ( 10.35054010017858600, -0.3462600145225094800, 1.304999999999988200 ) ) ;
#831 = LINE ( 'NONE', #3204, #2604 ) ;
#832 = CARTESIAN_POINT ( 'NONE',  ( 3.974999999999998300, 1.279999999999996700, -3.275492160360300900 ) ) ;
#833 = ADVANCED_FACE ( 'NONE', ( #1513 ), #2210, .T. ) ;
#834 = ORIENTED_EDGE ( 'NONE', *, *, #1198, .T. ) ;
#835 = LINE ( 'NONE', #2006, #788 ) ;
#836 = CARTESIAN_POINT ( 'NONE',  ( 11.30500000000000100, -1.615000000000003500, 1.304999999999988200 ) ) ;
#837 = EDGE_CURVE ( 'NONE', #125, #156, #1463, .T. ) ;
#838 = ORIENTED_EDGE ( 'NONE', *, *, #2933, .T. ) ;
#839 = EDGE_LOOP ( 'NONE', ( #62, #1436, #798, #1377 ) ) ;
#840 = DIRECTION ( 'NONE',  ( 1.000000000000000000, -0.0000000000000000000, -0.0000000000000000000 ) ) ;
#841 = ORIENTED_EDGE ( 'NONE', *, *, #58, .T. ) ;
#842 = DIRECTION ( 'NONE',  ( 0.0000000000000000000, -0.9483378618061765200, 0.3172621941941539700 ) ) ;
#843 = AXIS2_PLACEMENT_3D ( 'NONE', #2257, #2546, #2814 ) ;
#844 = VERTEX_POINT ( 'NONE', #3178 ) ;
#845 = FACE_OUTER_BOUND ( 'NONE', #316, .T. ) ;
#846 = CARTESIAN_POINT ( 'NONE',  ( -10.30500000000000300, -0.1736211735835802000, 1.304999999999988200 ) ) ;
#847 = ORIENTED_EDGE ( 'NONE', *, *, #100, .F. ) ;
#848 = EDGE_LOOP ( 'NONE', ( #1088, #9, #309, #1305 ) ) ;
#849 = LINE ( 'NONE', #114, #2833 ) ;
#850 = EDGE_CURVE ( 'NONE', #2839, #3093, #2068, .T. ) ;
#851 = CARTESIAN_POINT ( 'NONE',  ( 10.20500000000000000, 3.330000000000000100, -4.189999999999997700 ) ) ;
#852 = ORIENTED_EDGE ( 'NONE', *, *, #425, .T. ) ;
#853 = AXIS2_PLACEMENT_3D ( 'NONE', #3355, #1419, #3371 ) ;
#854 = ORIENTED_EDGE ( 'NONE', *, *, #799, .T. ) ;
#855 = VECTOR ( 'NONE', #95, 1000.000000000000000 ) ;
#856 = CARTESIAN_POINT ( 'NONE',  ( 1.734723475976807100E-015, 3.329999999999999600, -9.570000000000000300 ) ) ;
#857 = DIRECTION ( 'NONE',  ( -5.028183988338599400E-015, 0.0000000000000000000, 1.000000000000000000 ) ) ;
#858 = MECHANICAL_DESIGN_GEOMETRIC_PRESENTATION_REPRESENTATION (  '', ( #3080 ), #3404 ) ;
#859 = VECTOR ( 'NONE', #2981, 1000.000000000000000 ) ;
#860 = VECTOR ( 'NONE', #1904, 1000.000000000000000 ) ;
#861 = CYLINDRICAL_SURFACE ( 'NONE', #3350, 4.000000000000000000 ) ;
#862 = AXIS2_PLACEMENT_3D ( 'NONE', #3004, #2988, #2175 ) ;
#863 = DIRECTION ( 'NONE',  ( 0.0000000000000000000, -1.000000000000000000, 0.0000000000000000000 ) ) ;
#864 = EDGE_CURVE ( 'NONE', #1947, #2619, #8, .T. ) ;
#865 = DIRECTION ( 'NONE',  ( 0.0000000000000000000, -6.195440985631453300E-016, 1.000000000000000000 ) ) ;
#866 = ORIENTED_EDGE ( 'NONE', *, *, #2725, .T. ) ;
#867 = VECTOR ( 'NONE', #2197, 1000.000000000000000 ) ;
#868 = PLANE ( 'NONE',  #2768 ) ;
#869 = DIRECTION ( 'NONE',  ( 1.000000000000000000, 0.0000000000000000000, 0.0000000000000000000 ) ) ;
#870 = CARTESIAN_POINT ( 'NONE',  ( 10.20500000000000200, 3.680000000000000200, -4.189999999999997700 ) ) ;
#871 = LINE ( 'NONE', #1222, #135 ) ;
#872 = PLANE ( 'NONE',  #1530 ) ;
#873 = FACE_OUTER_BOUND ( 'NONE', #3156, .T. ) ;
#874 = ORIENTED_EDGE ( 'NONE', *, *, #1130, .T. ) ;
#875 = ORIENTED_EDGE ( 'NONE', *, *, #392, .T. ) ;
#876 = ORIENTED_EDGE ( 'NONE', *, *, #2184, .T. ) ;
#877 = DIRECTION ( 'NONE',  ( 0.0000000000000000000, 0.0000000000000000000, -1.000000000000000000 ) ) ;
#878 = ORIENTED_EDGE ( 'NONE', *, *, #2817, .T. ) ;
#879 = EDGE_CURVE ( 'NONE', #2921, #2374, #689, .T. ) ;
#880 = ADVANCED_FACE ( 'NONE', ( #602 ), #678, .T. ) ;
#881 = EDGE_LOOP ( 'NONE', ( #2321, #319, #1933, #129 ) ) ;
#882 = EDGE_LOOP ( 'NONE', ( #2264, #71, #923, #3432 ) ) ;
#883 = DIRECTION ( 'NONE',  ( -0.8698854280611960600, 0.4932538312540407100, -0.0000000000000000000 ) ) ;
#884 = LINE ( 'NONE', #960, #152 ) ;
#885 = CARTESIAN_POINT ( 'NONE',  ( 5.499999999999998200, 1.179999999999999000, -4.820000000000000300 ) ) ;
#886 = VERTEX_POINT ( 'NONE', #667 ) ;
#887 = EDGE_CURVE ( 'NONE', #1417, #1568, #2115, .T. ) ;
#888 = VERTEX_POINT ( 'NONE', #209 ) ;
#889 = DIRECTION ( 'NONE',  ( 0.0000000000000000000, 0.0000000000000000000, 1.000000000000000000 ) ) ;
#890 = LINE ( 'NONE', #802, #157 ) ;
#891 = DIRECTION ( 'NONE',  ( -0.0000000000000000000, -1.000000000000000000, 0.0000000000000000000 ) ) ;
#892 = ORIENTED_EDGE ( 'NONE', *, *, #2347, .T. ) ;
#893 = EDGE_CURVE ( 'NONE', #3535, #538, #1378, .T. ) ;
#894 = FACE_OUTER_BOUND ( 'NONE', #2016, .T. ) ;
#895 = DIRECTION ( 'NONE',  ( -1.000000000000000000, 0.0000000000000000000, 0.0000000000000000000 ) ) ;
#896 = COLOUR_RGB ( '',0.7921568627450980000, 0.8196078431372548800, 0.9333333333333333500 ) ;
#897 = DIRECTION ( 'NONE',  ( -1.000000000000000000, 0.0000000000000000000, 0.0000000000000000000 ) ) ;
#898 = PLANE ( 'NONE',  #3009 ) ;
#899 = DIRECTION ( 'NONE',  ( 3.540251991789402300E-015, -1.000000000000000000, 0.0000000000000000000 ) ) ;
#900 = FACE_OUTER_BOUND ( 'NONE', #2785, .T. ) ;
#901 = DIRECTION ( 'NONE',  ( 0.0000000000000000000, -0.0000000000000000000, -1.000000000000000000 ) ) ;
#902 = FACE_OUTER_BOUND ( 'NONE', #3472, .T. ) ;
#903 = CARTESIAN_POINT ( 'NONE',  ( 10.95500000000000000, -1.615000000000003500, -0.2650000000000117800 ) ) ;
#904 = AXIS2_PLACEMENT_3D ( 'NONE', #1547, #3203, #2699 ) ;
#905 = ORIENTED_EDGE ( 'NONE', *, *, #2200, .F. ) ;
#906 = CARTESIAN_POINT ( 'NONE',  ( 3.899999999999999000, 3.330000000000002300, -9.919999999999999900 ) ) ;
#907 = DIRECTION ( 'NONE',  ( 1.000000000000000000, 0.0000000000000000000, 0.0000000000000000000 ) ) ;
#908 = CARTESIAN_POINT ( 'NONE',  ( -10.35054010017858600, -0.3462600145225094800, -0.2650000000000117800 ) ) ;
#909 = ORIENTED_EDGE ( 'NONE', *, *, #540, .T. ) ;
#910 = VECTOR ( 'NONE', #2676, 1000.000000000000100 ) ;
#911 = EDGE_CURVE ( 'NONE', #2539, #2442, #2734, .T. ) ;
#912 = ORIENTED_EDGE ( 'NONE', *, *, #377, .F. ) ;
#913 = FACE_OUTER_BOUND ( 'NONE', #1469, .T. ) ;
#914 = ORIENTED_EDGE ( 'NONE', *, *, #1011, .T. ) ;
#915 = EDGE_LOOP ( 'NONE', ( #13, #1866, #3272, #3560, #3096 ) ) ;
#916 = PLANE ( 'NONE',  #2899 ) ;
#917 = EDGE_LOOP ( 'NONE', ( #2377, #612, #146, #102 ) ) ;
#918 = DIRECTION ( 'NONE',  ( 3.491481338843133400E-015, -1.000000000000000000, -1.381149264312737900E-016 ) ) ;
#919 = EDGE_LOOP ( 'NONE', ( #1780, #3309, #731, #571 ) ) ;
#920 = DIRECTION ( 'NONE',  ( -3.540251991789402300E-015, 1.000000000000000000, 1.751623080406021300E-046 ) ) ;
#921 = ORIENTED_EDGE ( 'NONE', *, *, #1155, .F. ) ;
#922 = ORIENTED_EDGE ( 'NONE', *, *, #1063, .T. ) ;
#923 = ORIENTED_EDGE ( 'NONE', *, *, #2325, .F. ) ;
#924 = VECTOR ( 'NONE', #730, 1000.000000000000000 ) ;
#925 = CARTESIAN_POINT ( 'NONE',  ( -10.55499999999999800, 3.330000000000001400, 5.230000000000002200 ) ) ;
#926 = EDGE_LOOP ( 'NONE', ( #1239, #2245, #1133, #1401 ) ) ;
#927 = LINE ( 'NONE', #318, #855 ) ;
#928 = EDGE_CURVE ( 'NONE', #1955, #2266, #3464, .T. ) ;
#929 = DIRECTION ( 'NONE',  ( -1.000000000000000000, -0.0000000000000000000, -0.0000000000000000000 ) ) ;
#930 = AXIS2_PLACEMENT_3D ( 'NONE', #3029, #3054, #28 ) ;
#931 = DIRECTION ( 'NONE',  ( -0.4932538312540420400, 0.8698854280611952900, -8.286895585876466500E-016 ) ) ;
#932 = DIRECTION ( 'NONE',  ( 0.0000000000000000000, 0.0000000000000000000, 1.000000000000000000 ) ) ;
#933 = ADVANCED_FACE ( 'NONE', ( #1336 ), #3257, .T. ) ;
#934 = LINE ( 'NONE', #2087, #2289 ) ;
#935 = DIRECTION ( 'NONE',  ( 0.0000000000000000000, 0.0000000000000000000, 1.000000000000000000 ) ) ;
#936 = CARTESIAN_POINT ( 'NONE',  ( 10.56801145719388300, -0.2229465567089975500, 1.304999999999988200 ) ) ;
#937 = FACE_OUTER_BOUND ( 'NONE', #1166, .T. ) ;
#938 = ORIENTED_EDGE ( 'NONE', *, *, #1678, .F. ) ;
#939 = EDGE_CURVE ( 'NONE', #2077, #2607, #1160, .T. ) ;
#940 = DIRECTION ( 'NONE',  ( -0.0000000000000000000, 1.000000000000000000, 0.0000000000000000000 ) ) ;
#941 = VERTEX_POINT ( 'NONE', #193 ) ;
#942 = DIRECTION ( 'NONE',  ( 0.0000000000000000000, 0.0000000000000000000, 1.000000000000000000 ) ) ;
#943 = DIRECTION ( 'NONE',  ( -1.000000000000000000, 3.717264591378894900E-015, 0.0000000000000000000 ) ) ;
#944 = VECTOR ( 'NONE', #313, 1000.000000000000000 ) ;
#945 = AXIS2_PLACEMENT_3D ( 'NONE', #824, #1944, #550 ) ;
#946 = EDGE_CURVE ( 'NONE', #1440, #2391, #520, .T. ) ;
#947 = CARTESIAN_POINT ( 'NONE',  ( 7.049999999999998900, 3.429999999999999700, 4.580000000000001000 ) ) ;
#948 = ORIENTED_EDGE ( 'NONE', *, *, #2259, .T. ) ;
#949 = CARTESIAN_POINT ( 'NONE',  ( 7.024999999999998600, 3.326675723612349000, 3.945475611611680000 ) ) ;
#950 = VECTOR ( 'NONE', #2726, 1000.000000000000100 ) ;
#951 = ADVANCED_FACE ( 'NONE', ( #1245 ), #1282, .F. ) ;
#952 = ORIENTED_EDGE ( 'NONE', *, *, #817, .F. ) ;
#953 = LINE ( 'NONE', #1132, #94 ) ;
#954 = EDGE_CURVE ( 'NONE', #53, #2077, #3205, .T. ) ;
#955 = PLANE ( 'NONE',  #1344 ) ;
#956 = AXIS2_PLACEMENT_3D ( 'NONE', #3137, #376, #2320 ) ;
#957 = ORIENTED_EDGE ( 'NONE', *, *, #2606, .F. ) ;
#958 = CARTESIAN_POINT ( 'NONE',  ( 11.25945989982141900, -1.787638840938917000, 1.304999999999988200 ) ) ;
#959 = EDGE_LOOP ( 'NONE', ( #2780, #145, #173, #1272 ) ) ;
#960 = CARTESIAN_POINT ( 'NONE',  ( 7.049999999999998900, 3.680000000000000200, 4.580000000000001000 ) ) ;
#961 = CARTESIAN_POINT ( 'NONE',  ( -10.33752864298470400, -0.3233134578135152800, 1.304999999999988200 ) ) ;
#962 = CARTESIAN_POINT ( 'NONE',  ( 7.024999999999998600, 0.9299999999999989400, -3.275492160360300900 ) ) ;
#963 = ORIENTED_EDGE ( 'NONE', *, *, #2071, .F. ) ;
#964 = ORIENTED_EDGE ( 'NONE', *, *, #392, .F. ) ;
#965 = CARTESIAN_POINT ( 'NONE',  ( 3.949999999999998800, 3.429999999999999700, 4.580000000000001000 ) ) ;
#966 = CARTESIAN_POINT ( 'NONE',  ( 3.974999999999998300, 3.563760189063893200, 3.866160063063140300 ) ) ;
#967 = ORIENTED_EDGE ( 'NONE', *, *, #3573, .F. ) ;
#968 = VERTEX_POINT ( 'NONE', #1861 ) ;
#969 = DIRECTION ( 'NONE',  ( 0.0000000000000000000, -1.000000000000000000, 0.0000000000000000000 ) ) ;
#970 = LINE ( 'NONE', #3411, #2323 ) ;
#971 = EDGE_LOOP ( 'NONE', ( #2879, #3483, #1009, #1567 ) ) ;
#972 = VERTEX_POINT ( 'NONE', #479 ) ;
#973 = DIRECTION ( 'NONE',  ( 0.0000000000000000000, 0.0000000000000000000, 1.000000000000000000 ) ) ;
#974 = FACE_OUTER_BOUND ( 'NONE', #1603, .T. ) ;
#975 = EDGE_CURVE ( 'NONE', #1568, #1478, #2302, .T. ) ;
#976 = DIRECTION ( 'NONE',  ( 0.0000000000000000000, 0.3172621941941601900, 0.9483378618061745200 ) ) ;
#977 = ORIENTED_EDGE ( 'NONE', *, *, #1876, .F. ) ;
#978 = CYLINDRICAL_SURFACE ( 'NONE', #1323, 0.3500000000000013700 ) ;
#979 = EDGE_CURVE ( 'NONE', #1989, #1210, #269, .T. ) ;
#980 = FACE_OUTER_BOUND ( 'NONE', #2209, .T. ) ;
#981 = CARTESIAN_POINT ( 'NONE',  ( -3.974999999999998300, 0.9480817483678319900, -3.164450392392346200 ) ) ;
#982 = CARTESIAN_POINT ( 'NONE',  ( 11.25945989982141900, -1.442361159061087200, 1.304999999999988200 ) ) ;
#983 = VECTOR ( 'NONE', #673, 1000.000000000000000 ) ;
#984 = VECTOR ( 'NONE', #2365, 1000.000000000000000 ) ;
#985 = CARTESIAN_POINT ( 'NONE',  ( -10.94220425753443100, -2.347139938971966300, -0.2650000000000117800 ) ) ;
#986 = ADVANCED_FACE ( 'NONE', ( #641 ), #2095, .T. ) ;
#987 = VERTEX_POINT ( 'NONE', #3218 ) ;
#988 = DIRECTION ( 'NONE',  ( 1.000000000000000000, 0.0000000000000000000, 1.841532352416992700E-016 ) ) ;
#989 = EDGE_CURVE ( 'NONE', #1221, #3393, #3462, .T. ) ;
#990 = VERTEX_POINT ( 'NONE', #2390 ) ;
#991 = VECTOR ( 'NONE', #764, 1000.000000000000100 ) ;
#992 = PLANE ( 'NONE',  #2714 ) ;
#993 = CARTESIAN_POINT ( 'NONE',  ( 5.500000000000000000, 3.429999999999999700, -2.420000000000000400 ) ) ;
#994 = CARTESIAN_POINT ( 'NONE',  ( 3.974999999999998300, 0.9480817483678319900, -3.164450392392346200 ) ) ;
#995 = ORIENTED_EDGE ( 'NONE', *, *, #1835, .F. ) ;
#996 = LINE ( 'NONE', #1019, #2861 ) ;
#997 = EDGE_CURVE ( 'NONE', #2921, #3261, #2250, .T. ) ;
#998 = PRODUCT ( 'BK-888', 'BK-888', '', ( #2180 ) ) ;
#999 = ORIENTED_EDGE ( 'NONE', *, *, #341, .F. ) ;
#1000 = DIRECTION ( 'NONE',  ( -0.0000000000000000000, -0.0000000000000000000, -1.000000000000000000 ) ) ;
#1001 = ORIENTED_EDGE ( 'NONE', *, *, #1379, .T. ) ;
#1002 = ORIENTED_EDGE ( 'NONE', *, *, #39, .F. ) ;
#1003 = ORIENTED_EDGE ( 'NONE', *, *, #1622, .F. ) ;
#1004 = ORIENTED_EDGE ( 'NONE', *, *, #1312, .T. ) ;
#1005 = ADVANCED_FACE ( 'NONE', ( #2816 ), #2161, .T. ) ;
#1006 = EDGE_LOOP ( 'NONE', ( #338, #1374, #779, #2032 ) ) ;
#1007 = ORIENTED_EDGE ( 'NONE', *, *, #1736, .F. ) ;
#1008 = CARTESIAN_POINT ( 'NONE',  ( -11.04198854280611800, -1.565674616874598700, 1.304999999999988200 ) ) ;
#1009 = ORIENTED_EDGE ( 'NONE', *, *, #1777, .F. ) ;
#1010 = VECTOR ( 'NONE', #1236, 1000.000000000000000 ) ;
#1011 = EDGE_CURVE ( 'NONE', #2163, #2487, #515, .T. ) ;
#1012 = ORIENTED_EDGE ( 'NONE', *, *, #2977, .F. ) ;
#1013 = FACE_OUTER_BOUND ( 'NONE', #3306, .T. ) ;
#1014 = DIRECTION ( 'NONE',  ( 0.0000000000000000000, -0.0000000000000000000, -1.000000000000000000 ) ) ;
#1015 = CARTESIAN_POINT ( 'NONE',  ( 3.899999999999999000, 3.429999999999999700, -9.570000000000000300 ) ) ;
#1016 = AXIS2_PLACEMENT_3D ( 'NONE', #37, #1426, #1968 ) ;
#1017 = LINE ( 'NONE', #966, #1677 ) ;
#1018 = CARTESIAN_POINT ( 'NONE',  ( -3.974999999999998300, 1.429999999999999900, 4.580000000000001000 ) ) ;
#1019 = CARTESIAN_POINT ( 'NONE',  ( -10.30500000000000000, 3.330000000000000500, 5.230000000000002200 ) ) ;
#1020 = VECTOR ( 'NONE', #899, 1000.000000000000000 ) ;
#1021 = CARTESIAN_POINT ( 'NONE',  ( -3.974999999999998300, 1.179999999999999000, -3.275492160360300900 ) ) ;
#1022 = PLANE ( 'NONE',  #2523 ) ;
#1023 = EDGE_CURVE ( 'NONE', #569, #809, #2732, .T. ) ;
#1024 = ADVANCED_FACE ( 'NONE', ( #2520 ), #3547, .T. ) ;
#1025 = AXIS2_PLACEMENT_3D ( 'NONE', #2935, #3169, #120 ) ;
#1026 = FACE_OUTER_BOUND ( 'NONE', #57, .T. ) ;
#1027 = EDGE_LOOP ( 'NONE', ( #1212, #1196, #1473, #620 ) ) ;
#1028 = CARTESIAN_POINT ( 'NONE',  ( -3.899999999999999000, 3.330000000000002300, -9.919999999999999900 ) ) ;
#1029 = DIRECTION ( 'NONE',  ( 0.0000000000000000000, 1.000000000000000000, 0.0000000000000000000 ) ) ;
#1030 = ORIENTED_EDGE ( 'NONE', *, *, #47, .T. ) ;
#1031 = DIRECTION ( 'NONE',  ( 0.4932538312540420400, 0.8698854280611952900, -8.286895585876466500E-016 ) ) ;
#1032 = EDGE_CURVE ( 'NONE', #3043, #1165, #2644, .T. ) ;
#1033 = FACE_OUTER_BOUND ( 'NONE', #882, .T. ) ;
#1034 = DIRECTION ( 'NONE',  ( 0.0000000000000000000, 0.0000000000000000000, -1.000000000000000000 ) ) ;
#1035 = LINE ( 'NONE', #1586, #1202 ) ;
#1036 = EDGE_CURVE ( 'NONE', #105, #743, #1509, .T. ) ;
#1037 = ORIENTED_EDGE ( 'NONE', *, *, #1575, .F. ) ;
#1038 = VECTOR ( 'NONE', #883, 1000.000000000000100 ) ;
#1039 = ADVANCED_FACE ( 'NONE', ( #1033 ), #1122, .F. ) ;
#1040 = CARTESIAN_POINT ( 'NONE',  ( -3.949999999999998800, 3.429999999999999700, 4.580000000000001000 ) ) ;
#1041 = ORIENTED_EDGE ( 'NONE', *, *, #3380, .F. ) ;
#1042 = VECTOR ( 'NONE', #2729, 1000.000000000000000 ) ;
#1043 = EDGE_CURVE ( 'NONE', #2487, #1260, #223, .T. ) ;
#1044 = AXIS2_PLACEMENT_3D ( 'NONE', #164, #3500, #988 ) ;
#1045 = ORIENTED_EDGE ( 'NONE', *, *, #2493, .T. ) ;
#1046 = CYLINDRICAL_SURFACE ( 'NONE', #1925, 0.7849999999999997000 ) ;
#1047 = VERTEX_POINT ( 'NONE', #2987 ) ;
#1048 = AXIS2_PLACEMENT_3D ( 'NONE', #2182, #1062, #233 ) ;
#1049 = ORIENTED_EDGE ( 'NONE', *, *, #3068, .T. ) ;
#1050 = DIRECTION ( 'NONE',  ( 0.0000000000000000000, 0.0000000000000000000, -1.000000000000000000 ) ) ;
#1051 = FACE_OUTER_BOUND ( 'NONE', #2446, .T. ) ;
#1052 = DIRECTION ( 'NONE',  ( -1.000000000000000000, 0.0000000000000000000, 0.0000000000000000000 ) ) ;
#1053 = ORIENTED_EDGE ( 'NONE', *, *, #3435, .T. ) ;
#1054 = FACE_OUTER_BOUND ( 'NONE', #2235, .T. ) ;
#1055 = CARTESIAN_POINT ( 'NONE',  ( -5.499999999999998200, 0.9299999999999989400, -3.295000000000000800 ) ) ;
#1056 = VERTEX_POINT ( 'NONE', #2760 ) ;
#1057 = DIRECTION ( 'NONE',  ( -0.0000000000000000000, -0.0000000000000000000, -1.000000000000000000 ) ) ;
#1058 = ADVANCED_FACE ( 'NONE', ( #390 ), #3301, .T. ) ;
#1059 = VECTOR ( 'NONE', #2574, 1000.000000000000000 ) ;
#1060 = EDGE_CURVE ( 'NONE', #1210, #659, #307, .T. ) ;
#1061 = LINE ( 'NONE', #3079, #3069 ) ;
#1062 = DIRECTION ( 'NONE',  ( 1.000000000000000000, -0.0000000000000000000, -0.0000000000000000000 ) ) ;
#1063 = EDGE_CURVE ( 'NONE', #1074, #972, #3555, .T. ) ;
#1064 = DIRECTION ( 'NONE',  ( -1.000000000000000000, 0.0000000000000000000, 0.0000000000000000000 ) ) ;
#1065 = VECTOR ( 'NONE', #1666, 1000.000000000000200 ) ;
#1066 = VECTOR ( 'NONE', #3473, 1000.000000000000000 ) ;
#1067 = DIRECTION ( 'NONE',  ( 1.000000000000000000, -0.0000000000000000000, -0.0000000000000000000 ) ) ;
#1068 = VECTOR ( 'NONE', #2913, 1000.000000000000000 ) ;
#1069 = EDGE_CURVE ( 'NONE', #56, #1614, #2165, .T. ) ;
#1070 = AXIS2_PLACEMENT_3D ( 'NONE', #2869, #2594, #2283 ) ;
#1071 = APPLICATION_PROTOCOL_DEFINITION ( 'draft international standard', 'automotive_design', 1998, #2473 ) ;
#1072 = ADVANCED_FACE ( 'NONE', ( #2438 ), #3583, .T. ) ;
#1073 = DIRECTION ( 'NONE',  ( 1.000000000000000000, -0.0000000000000000000, -0.0000000000000000000 ) ) ;
#1074 = VERTEX_POINT ( 'NONE', #2723 ) ;
#1075 = FACE_OUTER_BOUND ( 'NONE', #2822, .T. ) ;
#1076 = DIRECTION ( 'NONE',  ( 0.0000000000000000000, 0.0000000000000000000, 1.000000000000000000 ) ) ;
#1077 = ORIENTED_EDGE ( 'NONE', *, *, #605, .F. ) ;
#1078 = CARTESIAN_POINT ( 'NONE',  ( -10.20500000000000200, 3.429999999999997900, 5.230000000000003100 ) ) ;
#1079 = FACE_OUTER_BOUND ( 'NONE', #3258, .T. ) ;
#1080 = CARTESIAN_POINT ( 'NONE',  ( -10.65500000000000300, -0.1736211735835923600, 1.304999999999988200 ) ) ;
#1081 = EDGE_LOOP ( 'NONE', ( #2573, #235, #2964, #3401 ) ) ;
#1082 = ORIENTED_EDGE ( 'NONE', *, *, #2060, .F. ) ;
#1083 = CARTESIAN_POINT ( 'NONE',  ( 10.20500000000000000, 3.330000000000000100, -4.189999999999997700 ) ) ;
#1084 = ORIENTED_EDGE ( 'NONE', *, *, #2459, .T. ) ;
#1085 = DIRECTION ( 'NONE',  ( 0.4932538312540399900, -0.8698854280611965100, 0.0000000000000000000 ) ) ;
#1086 = ORIENTED_EDGE ( 'NONE', *, *, #1497, .T. ) ;
#1087 = DIRECTION ( 'NONE',  ( 1.000000000000000000, -0.0000000000000000000, -0.0000000000000000000 ) ) ;
#1088 = ORIENTED_EDGE ( 'NONE', *, *, #573, .T. ) ;
#1089 = EDGE_CURVE ( 'NONE', #2496, #3062, #1771, .T. ) ;
#1090 = EDGE_LOOP ( 'NONE', ( #2481, #6, #3232, #1096 ) ) ;
#1091 = AXIS2_PLACEMENT_3D ( 'NONE', #3407, #2856, #1186 ) ;
#1092 = CARTESIAN_POINT ( 'NONE',  ( -10.56801145719388300, -0.2229465567089975500, -0.2650000000000117800 ) ) ;
#1093 = LINE ( 'NONE', #1302, #2364 ) ;
#1094 = ADVANCED_FACE ( 'NONE', ( #3078 ), #1690, .F. ) ;
#1095 = ORIENTED_EDGE ( 'NONE', *, *, #1963, .T. ) ;
#1096 = ORIENTED_EDGE ( 'NONE', *, *, #1805, .T. ) ;
#1097 = PLANE ( 'NONE',  #3412 ) ;
#1098 = LINE ( 'NONE', #1224, #248 ) ;
#1099 = AXIS2_PLACEMENT_3D ( 'NONE', #729, #940, #973 ) ;
#1100 = ORIENTED_EDGE ( 'NONE', *, *, #2689, .F. ) ;
#1101 = CARTESIAN_POINT ( 'NONE',  ( 3.899999999999999500, 0.6800000000000000500, -9.670000000000010600 ) ) ;
#1102 = FACE_OUTER_BOUND ( 'NONE', #1646, .T. ) ;
#1103 = DIRECTION ( 'NONE',  ( 0.8698854280611919600, -0.4932538312540479800, 0.0000000000000000000 ) ) ;
#1104 = CARTESIAN_POINT ( 'NONE',  ( 3.974999999999998300, 3.680000000000000200, 4.580000000000001000 ) ) ;
#1105 = CIRCLE ( 'NONE', #1025, 0.1000000000000011300 ) ;
#1106 = DIRECTION ( 'NONE',  ( 1.000000000000000000, 0.0000000000000000000, 0.0000000000000000000 ) ) ;
#1107 = DIRECTION ( 'NONE',  ( -0.0000000000000000000, -0.3172621941941601900, -0.9483378618061745200 ) ) ;
#1108 = DIRECTION ( 'NONE',  ( 0.0000000000000000000, 0.0000000000000000000, -1.000000000000000000 ) ) ;
#1109 = FACE_OUTER_BOUND ( 'NONE', #2956, .T. ) ;
#1110 = CARTESIAN_POINT ( 'NONE',  ( -3.974999999999998300, 0.9299999999999989400, -3.218499084290297400 ) ) ;
#1111 = ADVANCED_FACE ( 'NONE', ( #2065 ), #1909, .T. ) ;
#1112 = EDGE_CURVE ( 'NONE', #1047, #2298, #1979, .T. ) ;
#1113 = DIRECTION ( 'NONE',  ( 0.0000000000000000000, 1.000000000000000000, 0.0000000000000000000 ) ) ;
#1114 = AXIS2_PLACEMENT_3D ( 'NONE', #2658, #2349, #1264 ) ;
#1115 = DIRECTION ( 'NONE',  ( -0.0000000000000000000, 0.0000000000000000000, 1.000000000000000000 ) ) ;
#1116 = ORIENTED_EDGE ( 'NONE', *, *, #436, .T. ) ;
#1117 = CARTESIAN_POINT ( 'NONE',  ( 10.56801145719388300, -0.2229465567089975500, -0.2650000000000117800 ) ) ;
#1118 = DIRECTION ( 'NONE',  ( 0.0000000000000000000, 0.0000000000000000000, -1.000000000000000000 ) ) ;
#1119 = AXIS2_PLACEMENT_3D ( 'NONE', #50, #1725, #2556 ) ;
#1120 = VERTEX_POINT ( 'NONE', #3084 ) ;
#1121 = DIRECTION ( 'NONE',  ( -2.182665966395359800E-016, -0.0000000000000000000, 1.000000000000000000 ) ) ;
#1122 = CYLINDRICAL_SURFACE ( 'NONE', #1937, 3.400000000000000400 ) ;
#1123 = DIRECTION ( 'NONE',  ( 0.0000000000000000000, 0.0000000000000000000, -1.000000000000000000 ) ) ;
#1124 = ORIENTED_EDGE ( 'NONE', *, *, #1453, .F. ) ;
#1125 = LINE ( 'NONE', #2098, #1382 ) ;
#1126 = DIRECTION ( 'NONE',  ( -1.000000000000000000, 0.0000000000000000000, 0.0000000000000000000 ) ) ;
#1127 = CARTESIAN_POINT ( 'NONE',  ( -11.04198854280611800, -1.565674616874598700, -0.2650000000000117800 ) ) ;
#1128 = LINE ( 'NONE', #132, #91 ) ;
#1129 = CARTESIAN_POINT ( 'NONE',  ( 3.949999999999999700, 3.429999999999999700, 0.6061361502748022800 ) ) ;
#1130 = EDGE_CURVE ( 'NONE', #3165, #2839, #2348, .T. ) ;
#1131 = ORIENTED_EDGE ( 'NONE', *, *, #296, .T. ) ;
#1132 = CARTESIAN_POINT ( 'NONE',  ( -10.35054010017858600, -0.3462600145225094800, 1.304999999999988200 ) ) ;
#1133 = ORIENTED_EDGE ( 'NONE', *, *, #2395, .T. ) ;
#1134 = EDGE_LOOP ( 'NONE', ( #828, #1750, #1486, #2870 ) ) ;
#1135 = EDGE_CURVE ( 'NONE', #1872, #1417, #3345, .T. ) ;
#1136 = ORIENTED_EDGE ( 'NONE', *, *, #263, .T. ) ;
#1137 = EDGE_LOOP ( 'NONE', ( #1902, #1171, #192, #2228 ) ) ;
#1138 = EDGE_CURVE ( 'NONE', #61, #2539, #2023, .T. ) ;
#1139 = ORIENTED_EDGE ( 'NONE', *, *, #2925, .F. ) ;
#1140 = ORIENTED_EDGE ( 'NONE', *, *, #312, .F. ) ;
#1141 = CARTESIAN_POINT ( 'NONE',  ( 10.33752864298470400, -0.3233134578135152800, 1.304999999999988200 ) ) ;
#1142 = FACE_OUTER_BOUND ( 'NONE', #1380, .T. ) ;
#1143 = DIRECTION ( 'NONE',  ( -0.0000000000000000000, 0.0000000000000000000, 1.000000000000000000 ) ) ;
#1144 = DIRECTION ( 'NONE',  ( -0.8698854280611960600, -0.4932538312540407100, 0.0000000000000000000 ) ) ;
#1145 = FACE_OUTER_BOUND ( 'NONE', #427, .T. ) ;
#1146 = ADVANCED_FACE ( 'NONE', ( #1427 ), #3366, .F. ) ;
#1147 = DIRECTION ( 'NONE',  ( 0.0000000000000000000, 0.0000000000000000000, 1.000000000000000000 ) ) ;
#1148 = LINE ( 'NONE', #3569, #3545 ) ;
#1149 = CARTESIAN_POINT ( 'NONE',  ( 3.974999999999998300, 3.430000000000000200, 4.580000000000001000 ) ) ;
#1150 = VECTOR ( 'NONE', #3417, 1000.000000000000100 ) ;
#1151 = DIRECTION ( 'NONE',  ( 0.0000000000000000000, 0.9483378618061749600, -0.3172621941941593000 ) ) ;
#1152 = FACE_OUTER_BOUND ( 'NONE', #1157, .T. ) ;
#1153 = CARTESIAN_POINT ( 'NONE',  ( -11.25945989982141900, -1.787638840938917000, -0.2650000000000117800 ) ) ;
#1154 = VECTOR ( 'NONE', #2940, 1000.000000000000200 ) ;
#1155 = EDGE_CURVE ( 'NONE', #533, #276, #48, .T. ) ;
#1156 = DIRECTION ( 'NONE',  ( 0.0000000000000000000, 0.0000000000000000000, -1.000000000000000000 ) ) ;
#1157 = EDGE_LOOP ( 'NONE', ( #1825, #229, #967, #1512 ) ) ;
#1158 = AXIS2_PLACEMENT_3D ( 'NONE', #3092, #2800, #1108 ) ;
#1159 = ORIENTED_EDGE ( 'NONE', *, *, #3085, .T. ) ;
#1160 = LINE ( 'NONE', #1028, #3296 ) ;
#1161 = VERTEX_POINT ( 'NONE', #295 ) ;
#1162 = DIRECTION ( 'NONE',  ( -1.000000000000000000, 0.0000000000000000000, 0.0000000000000000000 ) ) ;
#1163 = CIRCLE ( 'NONE', #189, 0.7850000000000000300 ) ;
#1164 = CARTESIAN_POINT ( 'NONE',  ( 10.55500000000001000, 8.728703347107833400E-016, 5.230000000000002200 ) ) ;
#1165 = VERTEX_POINT ( 'NONE', #3337 ) ;
#1166 = EDGE_LOOP ( 'NONE', ( #655, #1311, #513, #1915 ) ) ;
#1167 = ORIENTED_EDGE ( 'NONE', *, *, #2933, .F. ) ;
#1168 = ORIENTED_EDGE ( 'NONE', *, *, #341, .T. ) ;
#1169 = EDGE_CURVE ( 'NONE', #1221, #533, #1560, .T. ) ;
#1170 = FACE_OUTER_BOUND ( 'NONE', #3474, .T. ) ;
#1171 = ORIENTED_EDGE ( 'NONE', *, *, #3085, .F. ) ;
#1172 = CARTESIAN_POINT ( 'NONE',  ( -10.20500000000000000, 3.330000000000000100, -4.189999999999997700 ) ) ;
#1173 = ORIENTED_EDGE ( 'NONE', *, *, #1957, .F. ) ;
#1174 = EDGE_CURVE ( 'NONE', #292, #3248, #345, .T. ) ;
#1175 = ORIENTED_EDGE ( 'NONE', *, *, #1510, .T. ) ;
#1176 = DIRECTION ( 'NONE',  ( 0.0000000000000000000, -0.0000000000000000000, -1.000000000000000000 ) ) ;
#1177 = CIRCLE ( 'NONE', #2798, 0.7850000000000000300 ) ;
#1178 = ORIENTED_EDGE ( 'NONE', *, *, #147, .F. ) ;
#1179 = ORIENTED_EDGE ( 'NONE', *, *, #887, .T. ) ;
#1180 = FACE_OUTER_BOUND ( 'NONE', #1981, .T. ) ;
#1181 = AXIS2_PLACEMENT_3D ( 'NONE', #456, #2356, #432 ) ;
#1182 = DIRECTION ( 'NONE',  ( -0.0000000000000000000, -1.000000000000000000, -0.0000000000000000000 ) ) ;
#1183 = LINE ( 'NONE', #2019, #628 ) ;
#1184 = DIRECTION ( 'NONE',  ( -1.841532352416992700E-016, 6.519488578588883900E-031, -1.000000000000000000 ) ) ;
#1185 = CARTESIAN_POINT ( 'NONE',  ( -3.974999999999998300, 1.185166213819379000, -3.243765940940885400 ) ) ;
#1186 = DIRECTION ( 'NONE',  ( 0.0000000000000000000, 0.0000000000000000000, 1.000000000000000000 ) ) ;
#1187 = FACE_OUTER_BOUND ( 'NONE', #1137, .T. ) ;
#1188 = CARTESIAN_POINT ( 'NONE',  ( 10.20500000000000000, 3.330000000000000100, -4.189999999999998600 ) ) ;
#1189 = EDGE_CURVE ( 'NONE', #2304, #1989, #1292, .T. ) ;
#1190 = CYLINDRICAL_SURFACE ( 'NONE', #59, 1.524999999999999900 ) ;
#1191 = FACE_OUTER_BOUND ( 'NONE', #2835, .T. ) ;
#1192 = DIRECTION ( 'NONE',  ( 0.0000000000000000000, 0.0000000000000000000, 1.000000000000000000 ) ) ;
#1193 = ORIENTED_EDGE ( 'NONE', *, *, #3152, .F. ) ;
#1194 = DIRECTION ( 'NONE',  ( -0.4932538312540421000, -0.8698854280611952900, 0.0000000000000000000 ) ) ;
#1195 = ADVANCED_FACE ( 'NONE', ( #118 ), #570, .T. ) ;
#1196 = ORIENTED_EDGE ( 'NONE', *, *, #3049, .F. ) ;
#1197 = CARTESIAN_POINT ( 'NONE',  ( -11.25945989982141900, -1.787638840938917000, -0.2650000000000117800 ) ) ;
#1198 = EDGE_CURVE ( 'NONE', #2825, #1331, #1283, .T. ) ;
#1199 = DIRECTION ( 'NONE',  ( 0.0000000000000000000, -6.195440985631453300E-016, 1.000000000000000000 ) ) ;
#1200 = AXIS2_PLACEMENT_3D ( 'NONE', #2166, #271, #2189 ) ;
#1201 = EDGE_LOOP ( 'NONE', ( #3170, #572, #2312, #2901 ) ) ;
#1202 = VECTOR ( 'NONE', #3237, 1000.000000000000000 ) ;
#1203 = DIRECTION ( 'NONE',  ( 0.0000000000000000000, 0.0000000000000000000, 1.000000000000000000 ) ) ;
#1204 = CARTESIAN_POINT ( 'NONE',  ( -3.447222222222221500, 3.429999999999999700, 8.817354263529926700 ) ) ;
#1205 = ORIENTED_EDGE ( 'NONE', *, *, #3475, .T. ) ;
#1206 = FACE_OUTER_BOUND ( 'NONE', #2453, .T. ) ;
#1207 = CARTESIAN_POINT ( 'NONE',  ( -7.024999999999998600, 0.9299999999999989400, -3.295000000000000800 ) ) ;
#1208 = ORIENTED_EDGE ( 'NONE', *, *, #3537, .F. ) ;
#1209 = PLANE ( 'NONE',  #2213 ) ;
#1210 = VERTEX_POINT ( 'NONE', #1127 ) ;
#1211 = DIRECTION ( 'NONE',  ( 1.841532352416997600E-016, 1.576460772365419200E-045, -1.000000000000000000 ) ) ;
#1212 = ORIENTED_EDGE ( 'NONE', *, *, #2838, .F. ) ;
#1213 = PLANE ( 'NONE',  #232 ) ;
#1214 = ORIENTED_EDGE ( 'NONE', *, *, #2125, .F. ) ;
#1215 = DIRECTION ( 'NONE',  ( 0.0000000000000000000, 1.000000000000000000, 0.0000000000000000000 ) ) ;
#1216 = AXIS2_PLACEMENT_3D ( 'NONE', #2241, #1647, #576 ) ;
#1217 = ADVANCED_FACE ( 'NONE', ( #3414 ), #214, .F. ) ;
#1218 = EDGE_LOOP ( 'NONE', ( #579, #446, #2827, #3130 ) ) ;
#1219 = CARTESIAN_POINT ( 'NONE',  ( -3.949999999999998800, 3.429999999999999700, 4.580000000000001000 ) ) ;
#1220 = FACE_OUTER_BOUND ( 'NONE', #191, .T. ) ;
#1221 = VERTEX_POINT ( 'NONE', #606 ) ;
#1222 = CARTESIAN_POINT ( 'NONE',  ( -11.30500000000000100, -1.615000000000003500, 1.304999999999988200 ) ) ;
#1223 = ORIENTED_EDGE ( 'NONE', *, *, #1237, .F. ) ;
#1224 = CARTESIAN_POINT ( 'NONE',  ( -10.55500000000001000, 8.728703347107861000E-016, 5.230000000000002200 ) ) ;
#1225 = DIRECTION ( 'NONE',  ( 0.0000000000000000000, 0.0000000000000000000, -1.000000000000000000 ) ) ;
#1226 = LINE ( 'NONE', #2295, #1834 ) ;
#1227 = EDGE_CURVE ( 'NONE', #244, #3520, #3072, .T. ) ;
#1228 = CARTESIAN_POINT ( 'NONE',  ( -10.33752864298470400, -0.3233134578135152800, 1.304999999999988200 ) ) ;
#1229 = CIRCLE ( 'NONE', #226, 0.3499999999999978700 ) ;
#1230 = DIRECTION ( 'NONE',  ( 1.000000000000000000, 0.0000000000000000000, 0.0000000000000000000 ) ) ;
#1231 = AXIS2_PLACEMENT_3D ( 'NONE', #3323, #2509, #582 ) ;
#1232 = VECTOR ( 'NONE', #545, 1000.000000000000000 ) ;
#1233 = DIRECTION ( 'NONE',  ( -0.0000000000000000000, -0.0000000000000000000, 1.000000000000000000 ) ) ;
#1234 = DIRECTION ( 'NONE',  ( -1.000000000000000000, 0.0000000000000000000, 1.841532352416992700E-016 ) ) ;
#1235 = LINE ( 'NONE', #1110, #38 ) ;
#1236 = DIRECTION ( 'NONE',  ( -3.469446951953613600E-014, -1.000000000000000000, 0.0000000000000000000 ) ) ;
#1237 = EDGE_CURVE ( 'NONE', #1257, #3525, #2849, .T. ) ;
#1238 = DIRECTION ( 'NONE',  ( -0.0000000000000000000, -0.0000000000000000000, -1.000000000000000000 ) ) ;
#1239 = ORIENTED_EDGE ( 'NONE', *, *, #1333, .F. ) ;
#1240 = PLANE ( 'NONE',  #2261 ) ;
#1241 = DIRECTION ( 'NONE',  ( 0.0000000000000000000, 0.0000000000000000000, -1.000000000000000000 ) ) ;
#1242 = EDGE_CURVE ( 'NONE', #1584, #1903, #261, .T. ) ;
#1243 = DIRECTION ( 'NONE',  ( 0.0000000000000000000, 1.000000000000000000, 0.0000000000000000000 ) ) ;
#1244 = ORIENTED_EDGE ( 'NONE', *, *, #3459, .F. ) ;
#1245 = FACE_OUTER_BOUND ( 'NONE', #2654, .T. ) ;
#1246 = DIRECTION ( 'NONE',  ( -2.182665966395359800E-016, 0.0000000000000000000, -1.000000000000000000 ) ) ;
#1247 = CYLINDRICAL_SURFACE ( 'NONE', #2229, 2.250000000000000400 ) ;
#1248 = EDGE_CURVE ( 'NONE', #796, #101, #1761, .T. ) ;
#1249 =( GEOMETRIC_REPRESENTATION_CONTEXT ( 3 ) GLOBAL_UNCERTAINTY_ASSIGNED_CONTEXT ( ( #1289 ) ) GLOBAL_UNIT_ASSIGNED_CONTEXT ( ( #65, #1450, #1985 ) ) REPRESENTATION_CONTEXT ( 'NONE', 'WORKASPACE' ) );
#1250 = ORIENTED_EDGE ( 'NONE', *, *, #584, .F. ) ;
#1251 = CARTESIAN_POINT ( 'NONE',  ( -10.20500000000000200, 3.429999999999999700, 5.919999999999997300 ) ) ;
#1252 = ORIENTED_EDGE ( 'NONE', *, *, #2360, .F. ) ;
#1253 = CARTESIAN_POINT ( 'NONE',  ( -10.55500000000000100, -0.2000000000000035400, 1.304999999999988200 ) ) ;
#1254 = ADVANCED_FACE ( 'NONE', ( #2943 ), #861, .T. ) ;
#1255 = DIRECTION ( 'NONE',  ( -0.4932538312540469300, -0.8698854280611925100, 0.0000000000000000000 ) ) ;
#1256 = PRODUCT_DEFINITION_CONTEXT ( 'detailed design', #2473, 'design' ) ;
#1257 = VERTEX_POINT ( 'NONE', #686 ) ;
#1258 = ORIENTED_EDGE ( 'NONE', *, *, #1980, .T. ) ;
#1259 = DIRECTION ( 'NONE',  ( 0.0000000000000000000, 0.0000000000000000000, -1.000000000000000000 ) ) ;
#1260 = VERTEX_POINT ( 'NONE', #1553 ) ;
#1261 = ORIENTED_EDGE ( 'NONE', *, *, #58, .F. ) ;
#1262 = EDGE_CURVE ( 'NONE', #1165, #2174, #2242, .T. ) ;
#1263 = FACE_OUTER_BOUND ( 'NONE', #2478, .T. ) ;
#1264 = DIRECTION ( 'NONE',  ( 1.000000000000000000, 0.0000000000000000000, 0.0000000000000000000 ) ) ;
#1265 = ORIENTED_EDGE ( 'NONE', *, *, #1655, .T. ) ;
#1266 = CARTESIAN_POINT ( 'NONE',  ( -3.949999999999998800, 3.680000000000000200, 4.580000000000001000 ) ) ;
#1267 = ORIENTED_EDGE ( 'NONE', *, *, #662, .F. ) ;
#1268 = DIRECTION ( 'NONE',  ( -1.000000000000000000, 0.0000000000000000000, 0.0000000000000000000 ) ) ;
#1269 = VECTOR ( 'NONE', #2392, 1000.000000000000000 ) ;
#1270 = PLANE ( 'NONE',  #2709 ) ;
#1271 = DIRECTION ( 'NONE',  ( 0.0000000000000000000, 0.0000000000000000000, -1.000000000000000000 ) ) ;
#1272 = ORIENTED_EDGE ( 'NONE', *, *, #334, .F. ) ;
#1273 = FACE_OUTER_BOUND ( 'NONE', #2756, .T. ) ;
#1274 = DIRECTION ( 'NONE',  ( 1.000000000000000000, 0.0000000000000000000, 0.0000000000000000000 ) ) ;
#1275 = DIRECTION ( 'NONE',  ( -0.8698854280611959500, -0.4932538312540407100, 0.0000000000000000000 ) ) ;
#1276 = EDGE_CURVE ( 'NONE', #96, #1260, #1929, .T. ) ;
#1277 = ADVANCED_FACE ( 'NONE', ( #1109 ), #124, .T. ) ;
#1278 = AXIS2_PLACEMENT_3D ( 'NONE', #1803, #2069, #2919 ) ;
#1279 = CARTESIAN_POINT ( 'NONE',  ( -3.974999999999998300, 3.563760189063893200, 3.866160063063140300 ) ) ;
#1280 = CARTESIAN_POINT ( 'NONE',  ( 7.024999999999998600, 3.429999999999999700, 4.580000000000001000 ) ) ;
#1281 =( LENGTH_UNIT ( ) NAMED_UNIT ( * ) SI_UNIT ( .MILLI., .METRE. ) );
#1282 = PLANE ( 'NONE',  #2204 ) ;
#1283 = CIRCLE ( 'NONE', #2515, 0.3500000000000000300 ) ;
#1284 = DIRECTION ( 'NONE',  ( 0.0000000000000000000, -1.000000000000000000, 0.0000000000000000000 ) ) ;
#1285 = CARTESIAN_POINT ( 'NONE',  ( 3.899999999999999000, 3.680000000000000200, -9.570000000000000300 ) ) ;
#1286 = ORIENTED_EDGE ( 'NONE', *, *, #2558, .F. ) ;
#1287 = VECTOR ( 'NONE', #3503, 1000.000000000000000 ) ;
#1288 = CARTESIAN_POINT ( 'NONE',  ( 5.499999999999998200, 1.179999999999999000, -3.295000000000000800 ) ) ;
#1289 = UNCERTAINTY_MEASURE_WITH_UNIT (LENGTH_MEASURE( 1.000000000000000100E-005 ), #65, 'distance_accuracy_value', 'NONE');
#1290 = ADVANCED_FACE ( 'NONE', ( #381 ), #429, .T. ) ;
#1291 = CARTESIAN_POINT ( 'NONE',  ( 10.55500000000001000, 8.673617379884035500E-016, 5.230000000000002200 ) ) ;
#1292 = LINE ( 'NONE', #281, #1597 ) ;
#1293 = EDGE_CURVE ( 'NONE', #617, #2653, #2013, .T. ) ;
#1294 = DIRECTION ( 'NONE',  ( 0.0000000000000000000, 0.0000000000000000000, 1.000000000000000000 ) ) ;
#1295 = ORIENTED_EDGE ( 'NONE', *, *, #2253, .T. ) ;
#1296 = DIRECTION ( 'NONE',  ( 1.000000000000000000, 0.0000000000000000000, 0.0000000000000000000 ) ) ;
#1297 = LINE ( 'NONE', #1996, #1779 ) ;
#1298 = ORIENTED_EDGE ( 'NONE', *, *, #580, .T. ) ;
#1299 = ORIENTED_EDGE ( 'NONE', *, *, #1943, .T. ) ;
#1300 = VECTOR ( 'NONE', #2497, 1000.000000000000000 ) ;
#1301 = VERTEX_POINT ( 'NONE', #1526 ) ;
#1302 = CARTESIAN_POINT ( 'NONE',  ( -5.499999999999998200, 1.179999999999999000, -4.820000000000000300 ) ) ;
#1303 = ORIENTED_EDGE ( 'NONE', *, *, #2338, .T. ) ;
#1304 = CARTESIAN_POINT ( 'NONE',  ( -7.024999999999998600, 1.279999999999996700, -3.275492160360300900 ) ) ;
#1305 = ORIENTED_EDGE ( 'NONE', *, *, #3475, .F. ) ;
#1306 = CARTESIAN_POINT ( 'NONE',  ( 10.55500000000000300, -0.1736211735835888900, 1.304999999999988200 ) ) ;
#1307 = VERTEX_POINT ( 'NONE', #3199 ) ;
#1308 = CARTESIAN_POINT ( 'NONE',  ( -10.20499999999999800, 3.429999999999999700, 5.230000000000003100 ) ) ;
#1309 = LINE ( 'NONE', #1783, #664 ) ;
#1310 = ADVANCED_FACE ( 'NONE', ( #727 ), #391, .T. ) ;
#1311 = ORIENTED_EDGE ( 'NONE', *, *, #2763, .F. ) ;
#1312 = EDGE_CURVE ( 'NONE', #1568, #3305, #3329, .T. ) ;
#1313 = VERTEX_POINT ( 'NONE', #3159 ) ;
#1314 = CIRCLE ( 'NONE', #82, 0.09999999999999939500 ) ;
#1315 = DIRECTION ( 'NONE',  ( 3.540251991789402300E-015, -1.000000000000000000, -0.0000000000000000000 ) ) ;
#1316 = CARTESIAN_POINT ( 'NONE',  ( 3.974999999999998300, 1.279999999999996700, -3.275492160360300900 ) ) ;
#1317 = AXIS2_PLACEMENT_3D ( 'NONE', #851, #3066, #1394 ) ;
#1318 = LINE ( 'NONE', #1844, #859 ) ;
#1319 = EDGE_CURVE ( 'NONE', #2143, #2415, #1551, .T. ) ;
#1320 = DIRECTION ( 'NONE',  ( 1.000000000000000000, 0.0000000000000000000, -0.0000000000000000000 ) ) ;
#1321 = VECTOR ( 'NONE', #3070, 1000.000000000000000 ) ;
#1322 = EDGE_CURVE ( 'NONE', #765, #617, #1724, .T. ) ;
#1323 = AXIS2_PLACEMENT_3D ( 'NONE', #1644, #286, #3030 ) ;
#1324 = CYLINDRICAL_SURFACE ( 'NONE', #3461, 0.3499999999999978700 ) ;
#1325 = CARTESIAN_POINT ( 'NONE',  ( 7.024999999999998600, 1.179999999999999000, -3.275492160360300900 ) ) ;
#1326 = CARTESIAN_POINT ( 'NONE',  ( -7.024999999999998600, 1.179999999999999000, -3.295000000000000800 ) ) ;
#1327 = CARTESIAN_POINT ( 'NONE',  ( -3.974999999999998300, 1.429999999999999900, 4.580000000000001000 ) ) ;
#1328 = ADVANCED_FACE ( 'NONE', ( #937 ), #955, .T. ) ;
#1329 = CARTESIAN_POINT ( 'NONE',  ( 10.20500000000000000, 3.330000000000000100, 5.230000000000003100 ) ) ;
#1330 = CARTESIAN_POINT ( 'NONE',  ( 11.25945989982141900, -1.442361159061087200, 1.304999999999988200 ) ) ;
#1331 = VERTEX_POINT ( 'NONE', #2961 ) ;
#1332 = DIRECTION ( 'NONE',  ( -1.000000000000000000, -3.540251991789402300E-015, -1.841532352416997600E-016 ) ) ;
#1333 = EDGE_CURVE ( 'NONE', #825, #2916, #2513, .T. ) ;
#1334 = DIRECTION ( 'NONE',  ( 0.0000000000000000000, -0.3172621941941601900, -0.9483378618061745200 ) ) ;
#1335 = EDGE_LOOP ( 'NONE', ( #3348, #754, #1041, #498 ) ) ;
#1336 = FACE_OUTER_BOUND ( 'NONE', #2369, .T. ) ;
#1337 = DIRECTION ( 'NONE',  ( 0.0000000000000000000, 0.0000000000000000000, -1.000000000000000000 ) ) ;
#1338 = ORIENTED_EDGE ( 'NONE', *, *, #249, .F. ) ;
#1339 = LINE ( 'NONE', #1347, #2073 ) ;
#1340 = ORIENTED_EDGE ( 'NONE', *, *, #768, .F. ) ;
#1341 = EDGE_LOOP ( 'NONE', ( #3353, #3226, #1577, #275, #3008, #3347, #2559, #952, #1261, #522, #2570, #1193 ) ) ;
#1342 = EDGE_CURVE ( 'NONE', #3261, #3520, #1682, .T. ) ;
#1343 = DIRECTION ( 'NONE',  ( -0.0000000000000000000, -0.0000000000000000000, -1.000000000000000000 ) ) ;
#1344 = AXIS2_PLACEMENT_3D ( 'NONE', #1228, #3239, #2972 ) ;
#1345 = ADVANCED_FACE ( 'NONE', ( #1152 ), #2947, .T. ) ;
#1346 = ORIENTED_EDGE ( 'NONE', *, *, #3115, .F. ) ;
#1347 = CARTESIAN_POINT ( 'NONE',  ( -3.949999999999998800, 3.680000000000000200, 4.580000000000001000 ) ) ;
#1348 = ORIENTED_EDGE ( 'NONE', *, *, #1633, .F. ) ;
#1349 = ORIENTED_EDGE ( 'NONE', *, *, #3435, .F. ) ;
#1350 = FACE_OUTER_BOUND ( 'NONE', #2086, .T. ) ;
#1351 = EDGE_LOOP ( 'NONE', ( #2188, #1422, #1481, #575 ) ) ;
#1352 = DIRECTION ( 'NONE',  ( 1.841532352416992700E-016, -6.519488578588881200E-031, 1.000000000000000000 ) ) ;
#1353 = ORIENTED_EDGE ( 'NONE', *, *, #2499, .F. ) ;
#1354 = VECTOR ( 'NONE', #222, 1000.000000000000000 ) ;
#1355 = CARTESIAN_POINT ( 'NONE',  ( 10.55500000000001200, 1.631811855450641200E-015, -0.2650000000000117800 ) ) ;
#1356 = ORIENTED_EDGE ( 'NONE', *, *, #1135, .T. ) ;
#1357 = CARTESIAN_POINT ( 'NONE',  ( -5.500000000000000000, 3.429999999999999700, -2.420000000000000400 ) ) ;
#1358 = VECTOR ( 'NONE', #2505, 1000.000000000000000 ) ;
#1359 = AXIS2_PLACEMENT_3D ( 'NONE', #2866, #1184, #1234 ) ;
#1360 = DIRECTION ( 'NONE',  ( -1.000000000000000000, 0.0000000000000000000, -2.182665966395359800E-016 ) ) ;
#1361 = VECTOR ( 'NONE', #199, 1000.000000000000000 ) ;
#1362 = CARTESIAN_POINT ( 'NONE',  ( -11.04198854280611800, -1.664325383125406600, 1.304999999999988200 ) ) ;
#1363 = ADVANCED_FACE ( 'NONE', ( #1026 ), #1190, .T. ) ;
#1364 = EDGE_CURVE ( 'NONE', #1611, #3305, #301, .T. ) ;
#1365 = DIRECTION ( 'NONE',  ( 0.0000000000000000000, 0.0000000000000000000, 1.000000000000000000 ) ) ;
#1366 = VECTOR ( 'NONE', #2337, 1000.000000000000100 ) ;
#1367 = CARTESIAN_POINT ( 'NONE',  ( -3.974999999999998300, 3.326675723612349000, 3.945475611611680000 ) ) ;
#1368 = VECTOR ( 'NONE', #1439, 1000.000000000000000 ) ;
#1369 = CARTESIAN_POINT ( 'NONE',  ( 10.94220425753443100, -2.347139938971966300, -0.2650000000000117800 ) ) ;
#1370 = LINE ( 'NONE', #504, #3114 ) ;
#1371 = AXIS2_PLACEMENT_3D ( 'NONE', #2341, #383, #2886 ) ;
#1372 = DIRECTION ( 'NONE',  ( -1.000000000000000000, 0.0000000000000000000, 0.0000000000000000000 ) ) ;
#1373 = CARTESIAN_POINT ( 'NONE',  ( 10.20500000000000200, 3.429999999999999700, 5.919999999999997300 ) ) ;
#1374 = ORIENTED_EDGE ( 'NONE', *, *, #1174, .T. ) ;
#1375 = DIRECTION ( 'NONE',  ( -1.000000000000000000, 0.0000000000000000000, 0.0000000000000000000 ) ) ;
#1376 = CARTESIAN_POINT ( 'NONE',  ( 7.024999999999998600, 1.279999999999996700, -3.275492160360300900 ) ) ;
#1377 = ORIENTED_EDGE ( 'NONE', *, *, #2792, .T. ) ;
#1378 = CIRCLE ( 'NONE', #904, 0.3500000000000013700 ) ;
#1379 = EDGE_CURVE ( 'NONE', #3525, #393, #80, .T. ) ;
#1380 = EDGE_LOOP ( 'NONE', ( #1823, #1863, #2030, #83 ) ) ;
#1381 = DIRECTION ( 'NONE',  ( -0.6491006534856227400, 0.0000000000000000000, -0.7607025316406785800 ) ) ;
#1382 = VECTOR ( 'NONE', #1817, 1000.000000000000000 ) ;
#1383 = DIRECTION ( 'NONE',  ( 0.0000000000000000000, 0.0000000000000000000, 1.000000000000000000 ) ) ;
#1384 = ORIENTED_EDGE ( 'NONE', *, *, #2878, .T. ) ;
#1385 = CARTESIAN_POINT ( 'NONE',  ( 1.734723475976807100E-015, 3.429999999999998800, -9.570000000000002100 ) ) ;
#1386 = LINE ( 'NONE', #1456, #1038 ) ;
#1387 = CARTESIAN_POINT ( 'NONE',  ( -7.024999999999998600, 1.185166213819379000, -3.243765940940885400 ) ) ;
#1388 = AXIS2_PLACEMENT_3D ( 'NONE', #783, #1884, #1147 ) ;
#1389 = ORIENTED_EDGE ( 'NONE', *, *, #3370, .F. ) ;
#1390 = DIRECTION ( 'NONE',  ( 0.0000000000000000000, 0.0000000000000000000, -1.000000000000000000 ) ) ;
#1391 = VERTEX_POINT ( 'NONE', #1972 ) ;
#1392 = ORIENTED_EDGE ( 'NONE', *, *, #2381, .T. ) ;
#1393 = EDGE_CURVE ( 'NONE', #2163, #3, #2294, .T. ) ;
#1394 = DIRECTION ( 'NONE',  ( 1.000000000000000000, 0.0000000000000000000, 0.0000000000000000000 ) ) ;
#1395 = EDGE_LOOP ( 'NONE', ( #1948, #385, #2411, #2912 ) ) ;
#1396 = AXIS2_PLACEMENT_3D ( 'NONE', #1164, #918, #331 ) ;
#1397 = ORIENTED_EDGE ( 'NONE', *, *, #3398, .T. ) ;
#1398 = ORIENTED_EDGE ( 'NONE', *, *, #2806, .T. ) ;
#1399 = CARTESIAN_POINT ( 'NONE',  ( 3.974999999999998300, 3.429999999999999700, 4.580000000000001000 ) ) ;
#1400 = FACE_OUTER_BOUND ( 'NONE', #227, .T. ) ;
#1401 = ORIENTED_EDGE ( 'NONE', *, *, #12, .F. ) ;
#1402 = ORIENTED_EDGE ( 'NONE', *, *, #3207, .T. ) ;
#1403 = DIRECTION ( 'NONE',  ( 0.0000000000000000000, -0.0000000000000000000, 1.000000000000000000 ) ) ;
#1404 = VECTOR ( 'NONE', #1107, 1000.000000000000100 ) ;
#1405 = DIRECTION ( 'NONE',  ( 0.0000000000000000000, 0.0000000000000000000, 1.000000000000000000 ) ) ;
#1406 = EDGE_CURVE ( 'NONE', #1260, #3040, #3112, .T. ) ;
#1407 = CARTESIAN_POINT ( 'NONE',  ( 10.55500000000000300, -0.1736211735835888900, 1.304999999999988200 ) ) ;
#1408 = VECTOR ( 'NONE', #212, 1000.000000000000000 ) ;
#1409 = CARTESIAN_POINT ( 'NONE',  ( -10.72473290051913300, -2.223826481158456000, 1.304999999999988200 ) ) ;
#1410 = AXIS2_PLACEMENT_3D ( 'NONE', #1330, #3027, #3303 ) ;
#1411 = VECTOR ( 'NONE', #2495, 1000.000000000000000 ) ;
#1412 = DIRECTION ( 'NONE',  ( 1.000000000000000000, 0.0000000000000000000, -5.028183988338599400E-015 ) ) ;
#1413 = FACE_OUTER_BOUND ( 'NONE', #839, .T. ) ;
#1414 = DIRECTION ( 'NONE',  ( 0.0000000000000000000, 1.000000000000000000, 0.0000000000000000000 ) ) ;
#1415 = EDGE_CURVE ( 'NONE', #2003, #1947, #631, .T. ) ;
#1416 = CARTESIAN_POINT ( 'NONE',  ( 10.35054010017858600, -0.3462600145225094800, 1.304999999999988200 ) ) ;
#1417 = VERTEX_POINT ( 'NONE', #3148 ) ;
#1418 = CARTESIAN_POINT ( 'NONE',  ( 10.68240439005845700, -2.199824814637222600, 0.5199999999999882500 ) ) ;
#1419 = DIRECTION ( 'NONE',  ( 0.0000000000000000000, 0.0000000000000000000, -1.000000000000000000 ) ) ;
#1420 = ADVANCED_FACE ( 'NONE', ( #1808 ), #343, .F. ) ;
#1421 = AXIS2_PLACEMENT_3D ( 'NONE', #1418, #3107, #595 ) ;
#1422 = ORIENTED_EDGE ( 'NONE', *, *, #1920, .T. ) ;
#1423 = VECTOR ( 'NONE', #2117, 1000.000000000000000 ) ;
#1424 = VECTOR ( 'NONE', #2052, 1000.000000000000000 ) ;
#1425 = CARTESIAN_POINT ( 'NONE',  ( -3.974999999999998300, 1.279999999999996700, -3.275492160360300900 ) ) ;
#1426 = DIRECTION ( 'NONE',  ( -0.0000000000000000000, 1.000000000000000000, 0.0000000000000000000 ) ) ;
#1427 = FACE_OUTER_BOUND ( 'NONE', #3044, .T. ) ;
#1428 = DIRECTION ( 'NONE',  ( 0.4932538312540421000, -0.8698854280611952900, 0.0000000000000000000 ) ) ;
#1429 = DIRECTION ( 'NONE',  ( -0.0000000000000000000, -0.0000000000000000000, -1.000000000000000000 ) ) ;
#1430 = EDGE_CURVE ( 'NONE', #1161, #2614, #337, .T. ) ;
#1431 = CARTESIAN_POINT ( 'NONE',  ( 7.024999999999998600, 1.279999999999996700, -3.275492160360300900 ) ) ;
#1432 = VERTEX_POINT ( 'NONE', #2299 ) ;
#1433 = ORIENTED_EDGE ( 'NONE', *, *, #1692, .F. ) ;
#1434 = PLANE ( 'NONE',  #3042 ) ;
#1435 = ORIENTED_EDGE ( 'NONE', *, *, #1155, .T. ) ;
#1436 = ORIENTED_EDGE ( 'NONE', *, *, #946, .T. ) ;
#1437 = EDGE_CURVE ( 'NONE', #53, #2136, #2555, .T. ) ;
#1438 = DIRECTION ( 'NONE',  ( 0.0000000000000000000, 0.0000000000000000000, -1.000000000000000000 ) ) ;
#1439 = DIRECTION ( 'NONE',  ( -1.000000000000000000, -0.0000000000000000000, -0.0000000000000000000 ) ) ;
#1440 = VERTEX_POINT ( 'NONE', #73 ) ;
#1441 = CIRCLE ( 'NONE', #2915, 0.1000000000000011300 ) ;
#1442 = EDGE_CURVE ( 'NONE', #56, #2437, #551, .T. ) ;
#1443 = ORIENTED_EDGE ( 'NONE', *, *, #1458, .F. ) ;
#1444 = DIRECTION ( 'NONE',  ( -1.000000000000000000, 0.0000000000000000000, 0.0000000000000000000 ) ) ;
#1445 = ORIENTED_EDGE ( 'NONE', *, *, #1069, .F. ) ;
#1446 = LINE ( 'NONE', #134, #1269 ) ;
#1447 = DIRECTION ( 'NONE',  ( -0.8698854280611919600, 0.4932538312540479800, 0.0000000000000000000 ) ) ;
#1448 = ORIENTED_EDGE ( 'NONE', *, *, #946, .F. ) ;
#1449 = DIRECTION ( 'NONE',  ( 3.540251991789402300E-015, 1.000000000000000000, 1.751623080406021300E-046 ) ) ;
#1450 =( NAMED_UNIT ( * ) PLANE_ANGLE_UNIT ( ) SI_UNIT ( $, .RADIAN. ) );
#1451 = LINE ( 'NONE', #1887, #1404 ) ;
#1452 = VECTOR ( 'NONE', #1591, 1000.000000000000200 ) ;
#1453 = EDGE_CURVE ( 'NONE', #3305, #3535, #2103, .T. ) ;
#1454 = FACE_OUTER_BOUND ( 'NONE', #623, .T. ) ;
#1455 = AXIS2_PLACEMENT_3D ( 'NONE', #2452, #1352, #1877 ) ;
#1456 = CARTESIAN_POINT ( 'NONE',  ( 10.63774435771301400, -2.174501098033052600, 1.304999999999988200 ) ) ;
#1457 = DIRECTION ( 'NONE',  ( -1.000000000000000000, 0.0000000000000000000, 0.0000000000000000000 ) ) ;
#1458 = EDGE_CURVE ( 'NONE', #809, #794, #2807, .T. ) ;
#1459 = DIRECTION ( 'NONE',  ( 0.0000000000000000000, 1.000000000000000000, 0.0000000000000000000 ) ) ;
#1460 = AXIS2_PLACEMENT_3D ( 'NONE', #3551, #1571, #1296 ) ;
#1461 = CARTESIAN_POINT ( 'NONE',  ( -3.899999999999999000, 3.429999999999999700, -9.570000000000000300 ) ) ;
#1462 = VERTEX_POINT ( 'NONE', #2569 ) ;
#1463 = CIRCLE ( 'NONE', #2053, 0.3499999999999978700 ) ;
#1464 = AXIS2_PLACEMENT_3D ( 'NONE', #1807, #1238, #1268 ) ;
#1465 = DIRECTION ( 'NONE',  ( 0.0000000000000000000, 0.0000000000000000000, 1.000000000000000000 ) ) ;
#1466 = VERTEX_POINT ( 'NONE', #2842 ) ;
#1467 = CYLINDRICAL_SURFACE ( 'NONE', #3255, 0.09999999999999939500 ) ;
#1468 = CARTESIAN_POINT ( 'NONE',  ( 11.04198854280611800, -1.664325383125406600, -0.2650000000000117800 ) ) ;
#1469 = EDGE_LOOP ( 'NONE', ( #3134, #181, #3172, #185, #1638, #3563 ) ) ;
#1470 = CARTESIAN_POINT ( 'NONE',  ( 10.33752864298470400, -0.3233134578135152800, -0.2650000000000117800 ) ) ;
#1471 = LINE ( 'NONE', #1493, #55 ) ;
#1472 = DIRECTION ( 'NONE',  ( 0.0000000000000000000, 0.0000000000000000000, -1.000000000000000000 ) ) ;
#1473 = ORIENTED_EDGE ( 'NONE', *, *, #773, .T. ) ;
#1474 = CARTESIAN_POINT ( 'NONE',  ( 3.974999999999998300, 1.179999999999999000, -3.275492160360300900 ) ) ;
#1475 = CARTESIAN_POINT ( 'NONE',  ( -10.30500000000001000, 3.736735977333718100E-014, 5.230000000000002200 ) ) ;
#1476 = ADVANCED_FACE ( 'NONE', ( #1413 ), #653, .T. ) ;
#1477 = ORIENTED_EDGE ( 'NONE', *, *, #517, .F. ) ;
#1478 = VERTEX_POINT ( 'NONE', #2852 ) ;
#1479 = VECTOR ( 'NONE', #1687, 1000.000000000000000 ) ;
#1480 = CARTESIAN_POINT ( 'NONE',  ( -10.55500000000000300, -0.1736211735835888900, 1.304999999999988200 ) ) ;
#1481 = ORIENTED_EDGE ( 'NONE', *, *, #3249, .F. ) ;
#1482 = EDGE_CURVE ( 'NONE', #447, #743, #1973, .T. ) ;
#1483 = ORIENTED_EDGE ( 'NONE', *, *, #2969, .T. ) ;
#1484 = AXIS2_PLACEMENT_3D ( 'NONE', #302, #1405, #2518 ) ;
#1485 = VECTOR ( 'NONE', #2262, 1000.000000000000000 ) ;
#1486 = ORIENTED_EDGE ( 'NONE', *, *, #1524, .F. ) ;
#1487 = VERTEX_POINT ( 'NONE', #663 ) ;
#1488 = FACE_OUTER_BOUND ( 'NONE', #1953, .T. ) ;
#1489 = AXIS2_PLACEMENT_3D ( 'NONE', #1569, #3506, #1031 ) ;
#1490 = CARTESIAN_POINT ( 'NONE',  ( 10.55500000000001200, 2.173912941693390200E-015, -4.189999999999997700 ) ) ;
#1491 = CARTESIAN_POINT ( 'NONE',  ( -10.20500000000000000, 3.330000000000000100, 5.230000000000003100 ) ) ;
#1492 = VECTOR ( 'NONE', #1194, 1000.000000000000000 ) ;
#1493 = CARTESIAN_POINT ( 'NONE',  ( -10.55500000000001200, 2.173912941693388700E-015, -4.189999999999997700 ) ) ;
#1494 = DIRECTION ( 'NONE',  ( -1.000000000000000000, 0.0000000000000000000, 0.0000000000000000000 ) ) ;
#1495 = ADVANCED_FACE ( 'NONE', ( #2292, #629, #79 ), #685, .F. ) ;
#1496 = FACE_OUTER_BOUND ( 'NONE', #1623, .T. ) ;
#1497 = EDGE_CURVE ( 'NONE', #2836, #1614, #1721, .T. ) ;
#1498 = VECTOR ( 'NONE', #371, 1000.000000000000000 ) ;
#1499 = DIRECTION ( 'NONE',  ( 0.0000000000000000000, 0.0000000000000000000, 1.000000000000000000 ) ) ;
#1500 = DIRECTION ( 'NONE',  ( 0.0000000000000000000, 1.000000000000000000, 0.0000000000000000000 ) ) ;
#1501 = DIRECTION ( 'NONE',  ( -1.841532352416992700E-016, -6.519488578588881200E-031, 1.000000000000000000 ) ) ;
#1502 = AXIS2_PLACEMENT_3D ( 'NONE', #1304, #466, #2976 ) ;
#1503 = EDGE_LOOP ( 'NONE', ( #2040, #1535, #2989, #2537 ) ) ;
#1504 = EDGE_CURVE ( 'NONE', #2614, #2415, #1806, .T. ) ;
#1505 = CARTESIAN_POINT ( 'NONE',  ( 10.55500000000000100, -0.2000000000000035400, 1.304999999999988200 ) ) ;
#1506 = DIRECTION ( 'NONE',  ( -1.577021341797097600E-016, -1.000000000000000000, -3.784851220313033900E-015 ) ) ;
#1507 = DIRECTION ( 'NONE',  ( 1.000000000000000000, 1.577021341797080800E-016, 4.448008912761048700E-016 ) ) ;
#1508 = EDGE_LOOP ( 'NONE', ( #1714, #642, #1531, #2596 ) ) ;
#1509 = LINE ( 'NONE', #2441, #1892 ) ;
#1510 = EDGE_CURVE ( 'NONE', #1870, #1955, #2891, .T. ) ;
#1511 = AXIS2_PLACEMENT_3D ( 'NONE', #1357, #1900, #3293 ) ;
#1512 = ORIENTED_EDGE ( 'NONE', *, *, #3236, .T. ) ;
#1513 = FACE_OUTER_BOUND ( 'NONE', #2687, .T. ) ;
#1514 = DIRECTION ( 'NONE',  ( -0.0000000000000000000, 1.000000000000000000, 0.0000000000000000000 ) ) ;
#1515 = CARTESIAN_POINT ( 'NONE',  ( 7.024999999999998600, 3.680000000000000200, 4.580000000000001000 ) ) ;
#1516 = ADVANCED_FACE ( 'NONE', ( #980 ), #2198, .T. ) ;
#1517 = CARTESIAN_POINT ( 'NONE',  ( -10.30500000000001200, 5.421010862427574400E-016, 1.304999999999988200 ) ) ;
#1518 = ORIENTED_EDGE ( 'NONE', *, *, #1630, .T. ) ;
#1519 = VECTOR ( 'NONE', #2890, 1000.000000000000200 ) ;
#1520 = UNCERTAINTY_MEASURE_WITH_UNIT (LENGTH_MEASURE( 1.000000000000000100E-005 ), #1281, 'distance_accuracy_value', 'NONE');
#1521 = CARTESIAN_POINT ( 'NONE',  ( -11.05500000000000000, -1.615000000000003500, -0.2650000000000117800 ) ) ;
#1522 = ORIENTED_EDGE ( 'NONE', *, *, #2689, .T. ) ;
#1523 = ORIENTED_EDGE ( 'NONE', *, *, #1524, .T. ) ;
#1524 = EDGE_CURVE ( 'NONE', #2653, #1611, #1885, .T. ) ;
#1525 = ORIENTED_EDGE ( 'NONE', *, *, #1322, .T. ) ;
#1526 = CARTESIAN_POINT ( 'NONE',  ( 3.949999999999999700, 3.680000000000000200, 0.6061361502748022800 ) ) ;
#1527 = ORIENTED_EDGE ( 'NONE', *, *, #403, .T. ) ;
#1528 = CARTESIAN_POINT ( 'NONE',  ( 3.974999999999998300, 1.279999999999996700, -3.275492160360300900 ) ) ;
#1529 = EDGE_LOOP ( 'NONE', ( #3220, #1443, #2316, #963, #2519, #3439, #2388, #3505 ) ) ;
#1530 = AXIS2_PLACEMENT_3D ( 'NONE', #2267, #2281, #1143 ) ;
#1531 = ORIENTED_EDGE ( 'NONE', *, *, #2054, .T. ) ;
#1532 = CARTESIAN_POINT ( 'NONE',  ( -3.974999999999998300, 1.279999999999996700, -3.295000000000000800 ) ) ;
#1533 = PLANE ( 'NONE',  #1582 ) ;
#1534 = FACE_OUTER_BOUND ( 'NONE', #848, .T. ) ;
#1535 = ORIENTED_EDGE ( 'NONE', *, *, #2274, .F. ) ;
#1536 = CARTESIAN_POINT ( 'NONE',  ( -4.412424841458972100E-015, 3.841859444021613100E-014, -9.920000000000014100 ) ) ;
#1537 = VERTEX_POINT ( 'NONE', #3396 ) ;
#1538 = CARTESIAN_POINT ( 'NONE',  ( -11.04198854280611800, -1.664325383125406600, 1.304999999999988200 ) ) ;
#1539 = LINE ( 'NONE', #1843, #2501 ) ;
#1540 = EDGE_CURVE ( 'NONE', #2968, #765, #3194, .T. ) ;
#1541 = ADVANCED_FACE ( 'NONE', ( #3548 ), #1744, .T. ) ;
#1542 = AXIS2_PLACEMENT_3D ( 'NONE', #903, #1429, #1444 ) ;
#1543 = EDGE_LOOP ( 'NONE', ( #3228, #1787, #1748, #2026 ) ) ;
#1544 = FACE_OUTER_BOUND ( 'NONE', #240, .T. ) ;
#1545 = DIRECTION ( 'NONE',  ( 0.0000000000000000000, 1.000000000000000000, 0.0000000000000000000 ) ) ;
#1546 = LINE ( 'NONE', #3321, #75 ) ;
#1547 = CARTESIAN_POINT ( 'NONE',  ( 10.95500000000000000, -1.615000000000003500, -0.2650000000000117800 ) ) ;
#1548 = DIRECTION ( 'NONE',  ( -1.000000000000000000, -0.0000000000000000000, -0.0000000000000000000 ) ) ;
#1549 = DIRECTION ( 'NONE',  ( -0.0000000000000000000, -0.0000000000000000000, -1.000000000000000000 ) ) ;
#1550 = DIRECTION ( 'NONE',  ( -0.0000000000000000000, 1.000000000000000000, -0.0000000000000000000 ) ) ;
#1551 = LINE ( 'NONE', #2895, #819 ) ;
#1552 = CIRCLE ( 'NONE', #254, 0.7850000000000000300 ) ;
#1553 = CARTESIAN_POINT ( 'NONE',  ( -7.024999999999998600, 3.430000000000000200, 4.580000000000001000 ) ) ;
#1554 = AXIS2_PLACEMENT_3D ( 'NONE', #2591, #386, #399 ) ;
#1555 = DIRECTION ( 'NONE',  ( 0.4932538312540421000, 0.8698854280611952900, 0.0000000000000000000 ) ) ;
#1556 = ADVANCED_FACE ( 'NONE', ( #423 ), #351, .T. ) ;
#1557 = EDGE_CURVE ( 'NONE', #2924, #1307, #2056, .T. ) ;
#1558 = ORIENTED_EDGE ( 'NONE', *, *, #2706, .F. ) ;
#1559 = DIRECTION ( 'NONE',  ( 0.0000000000000000000, 0.0000000000000000000, 1.000000000000000000 ) ) ;
#1560 = LINE ( 'NONE', #1940, #3266 ) ;
#1561 = CARTESIAN_POINT ( 'NONE',  ( -11.25945989982141900, -1.442361159061087200, 1.304999999999988200 ) ) ;
#1562 = ORIENTED_EDGE ( 'NONE', *, *, #1089, .F. ) ;
#1563 = LINE ( 'NONE', #160, #1734 ) ;
#1564 = PLANE ( 'NONE',  #1044 ) ;
#1565 = EDGE_LOOP ( 'NONE', ( #1100, #236, #3567, #866 ) ) ;
#1566 = LINE ( 'NONE', #1964, #2957 ) ;
#1567 = ORIENTED_EDGE ( 'NONE', *, *, #2873, .F. ) ;
#1568 = VERTEX_POINT ( 'NONE', #2847 ) ;
#1569 = CARTESIAN_POINT ( 'NONE',  ( 10.94220425753443100, -2.347139938971965800, 0.5199999999999882500 ) ) ;
#1570 = LINE ( 'NONE', #3034, #2270 ) ;
#1571 = DIRECTION ( 'NONE',  ( 0.0000000000000000000, 0.0000000000000000000, -1.000000000000000000 ) ) ;
#1572 = ORIENTED_EDGE ( 'NONE', *, *, #353, .T. ) ;
#1573 = ADVANCED_FACE ( 'NONE', ( #3110, #2383, #2554 ), #98, .T. ) ;
#1574 = ORIENTED_EDGE ( 'NONE', *, *, #3071, .T. ) ;
#1575 = EDGE_CURVE ( 'NONE', #3059, #1462, #1635, .T. ) ;
#1576 = DIRECTION ( 'NONE',  ( -0.0000000000000000000, -1.000000000000000000, -0.0000000000000000000 ) ) ;
#1577 = ORIENTED_EDGE ( 'NONE', *, *, #749, .T. ) ;
#1578 = DIRECTION ( 'NONE',  ( 0.0000000000000000000, -0.3172621941941601900, -0.9483378618061745200 ) ) ;
#1579 = ORIENTED_EDGE ( 'NONE', *, *, #1759, .T. ) ;
#1580 = CARTESIAN_POINT ( 'NONE',  ( -10.95500000000000000, -1.615000000000003500, -0.2650000000000117800 ) ) ;
#1581 = FACE_OUTER_BOUND ( 'NONE', #1733, .T. ) ;
#1582 = AXIS2_PLACEMENT_3D ( 'NONE', #144, #3457, #976 ) ;
#1583 = CARTESIAN_POINT ( 'NONE',  ( -10.33752864298470400, -0.3233134578135152800, -0.2650000000000117800 ) ) ;
#1584 = VERTEX_POINT ( 'NONE', #3104 ) ;
#1585 = LINE ( 'NONE', #1619, #112 ) ;
#1586 = CARTESIAN_POINT ( 'NONE',  ( 3.949999999999998800, 3.429999999999999700, 4.580000000000001000 ) ) ;
#1587 = DIRECTION ( 'NONE',  ( 0.0000000000000000000, 0.0000000000000000000, 1.000000000000000000 ) ) ;
#1588 = EDGE_CURVE ( 'NONE', #2615, #2931, #818, .T. ) ;
#1589 = LINE ( 'NONE', #3262, #1408 ) ;
#1590 = DIRECTION ( 'NONE',  ( 0.0000000000000000000, -0.0000000000000000000, 1.000000000000000000 ) ) ;
#1591 = DIRECTION ( 'NONE',  ( -0.8698854280611959500, 0.4932538312540407100, 0.0000000000000000000 ) ) ;
#1592 = FACE_OUTER_BOUND ( 'NONE', #3215, .T. ) ;
#1593 = DIRECTION ( 'NONE',  ( 0.0000000000000000000, 0.3172621941941601900, 0.9483378618061745200 ) ) ;
#1594 = DIRECTION ( 'NONE',  ( -0.8698854280611961800, -0.4932538312540407600, 0.0000000000000000000 ) ) ;
#1595 = ADVANCED_FACE ( 'NONE', ( #900 ), #1324, .T. ) ;
#1596 = CARTESIAN_POINT ( 'NONE',  ( -10.63774435771301400, -2.174501098033052600, 1.304999999999988200 ) ) ;
#1597 = VECTOR ( 'NONE', #1103, 1000.000000000000100 ) ;
#1598 = DIRECTION ( 'NONE',  ( -1.000000000000000000, 0.0000000000000000000, 0.0000000000000000000 ) ) ;
#1599 = EDGE_CURVE ( 'NONE', #2874, #3460, #510, .T. ) ;
#1600 = ORIENTED_EDGE ( 'NONE', *, *, #285, .F. ) ;
#1601 = CARTESIAN_POINT ( 'NONE',  ( 3.974999999999998300, 0.9480817483678319900, -3.164450392392346200 ) ) ;
#1602 = AXIS2_PLACEMENT_3D ( 'NONE', #2550, #1739, #42 ) ;
#1603 = EDGE_LOOP ( 'NONE', ( #2571, #834, #1208, #3100 ) ) ;
#1604 = FACE_OUTER_BOUND ( 'NONE', #1006, .T. ) ;
#1605 = EDGE_CURVE ( 'NONE', #56, #2811, #3496, .T. ) ;
#1606 = CARTESIAN_POINT ( 'NONE',  ( -6.205000000000000100, 3.429999999999999700, 5.919999999999998200 ) ) ;
#1607 = AXIS2_PLACEMENT_3D ( 'NONE', #2208, #901, #1822 ) ;
#1608 = CARTESIAN_POINT ( 'NONE',  ( 10.55500000000001200, 3.824023010804796800E-014, 1.943737397976143000E-015 ) ) ;
#1609 = FACE_OUTER_BOUND ( 'NONE', #2650, .T. ) ;
#1610 = ADVANCED_FACE ( 'NONE', ( #1454 ), #1988, .F. ) ;
#1611 = VERTEX_POINT ( 'NONE', #741 ) ;
#1612 = ORIENTED_EDGE ( 'NONE', *, *, #2033, .F. ) ;
#1613 = DIRECTION ( 'NONE',  ( -3.540251991789402300E-015, -1.000000000000000000, -0.0000000000000000000 ) ) ;
#1614 = VERTEX_POINT ( 'NONE', #1280 ) ;
#1615 = ORIENTED_EDGE ( 'NONE', *, *, #2706, .T. ) ;
#1616 = ORIENTED_EDGE ( 'NONE', *, *, #334, .T. ) ;
#1617 = ORIENTED_EDGE ( 'NONE', *, *, #725, .F. ) ;
#1618 = CARTESIAN_POINT ( 'NONE',  ( -10.30500000000000300, -0.1736211735835802000, 1.304999999999988200 ) ) ;
#1619 = CARTESIAN_POINT ( 'NONE',  ( 10.33752864298471000, -2.906686542186493600, 0.5199999999999882500 ) ) ;
#1620 = CIRCLE ( 'NONE', #2168, 0.7850000000000000300 ) ;
#1621 = ORIENTED_EDGE ( 'NONE', *, *, #2141, .F. ) ;
#1622 = EDGE_CURVE ( 'NONE', #2044, #355, #591, .T. ) ;
#1623 = EDGE_LOOP ( 'NONE', ( #1908, #791, #2111, #293 ) ) ;
#1624 = CIRCLE ( 'NONE', #2039, 0.7850000000000000300 ) ;
#1625 = CARTESIAN_POINT ( 'NONE',  ( 10.55499999999999800, 3.430000000000000600, 5.230000000000002200 ) ) ;
#1626 = ORIENTED_EDGE ( 'NONE', *, *, #2993, .F. ) ;
#1627 = DIRECTION ( 'NONE',  ( 1.000000000000000000, 0.0000000000000000000, 0.0000000000000000000 ) ) ;
#1628 = ADVANCED_FACE ( 'NONE', ( #2155 ), #1564, .T. ) ;
#1629 = CYLINDRICAL_SURFACE ( 'NONE', #649, 0.3500000000000013700 ) ;
#1630 = EDGE_CURVE ( 'NONE', #3317, #694, #2765, .T. ) ;
#1631 = DIRECTION ( 'NONE',  ( 1.000000000000000000, 0.0000000000000000000, 0.0000000000000000000 ) ) ;
#1632 = VECTOR ( 'NONE', #339, 1000.000000000000000 ) ;
#1633 = EDGE_CURVE ( 'NONE', #3040, #1955, #549, .T. ) ;
#1634 = AXIS2_PLACEMENT_3D ( 'NONE', #713, #776, #2109 ) ;
#1635 = LINE ( 'NONE', #603, #3286 ) ;
#1636 = PLANE ( 'NONE',  #2656 ) ;
#1637 = VECTOR ( 'NONE', #2313, 1000.000000000000000 ) ;
#1638 = ORIENTED_EDGE ( 'NONE', *, *, #1174, .F. ) ;
#1639 = LINE ( 'NONE', #2158, #3288 ) ;
#1640 = CARTESIAN_POINT ( 'NONE',  ( 3.949999999999998800, 3.680000000000000200, 4.580000000000001000 ) ) ;
#1641 = DIRECTION ( 'NONE',  ( -0.0000000000000000000, -0.0000000000000000000, -1.000000000000000000 ) ) ;
#1642 = ORIENTED_EDGE ( 'NONE', *, *, #3376, .T. ) ;
#1643 = EDGE_CURVE ( 'NONE', #2874, #1161, #461, .T. ) ;
#1644 = CARTESIAN_POINT ( 'NONE',  ( -10.95500000000000000, -1.615000000000003500, 1.304999999999988200 ) ) ;
#1645 = ADVANCED_FACE ( 'NONE', ( #2590 ), #3227, .T. ) ;
#1646 = EDGE_LOOP ( 'NONE', ( #1349, #1346, #186, #1891 ) ) ;
#1647 = DIRECTION ( 'NONE',  ( 0.8698854280611952900, 0.4932538312540421000, -0.0000000000000000000 ) ) ;
#1648 = VECTOR ( 'NONE', #1959, 1000.000000000000000 ) ;
#1649 = ORIENTED_EDGE ( 'NONE', *, *, #1575, .T. ) ;
#1650 = LINE ( 'NONE', #3504, #644 ) ;
#1651 = CARTESIAN_POINT ( 'NONE',  ( -10.95500000000000000, -1.615000000000003500, 1.304999999999988200 ) ) ;
#1652 = CARTESIAN_POINT ( 'NONE',  ( -10.35054010017858600, -0.3462600145225094800, 1.304999999999988200 ) ) ;
#1653 = ORIENTED_EDGE ( 'NONE', *, *, #2817, .F. ) ;
#1654 = ORIENTED_EDGE ( 'NONE', *, *, #2878, .F. ) ;
#1655 = EDGE_CURVE ( 'NONE', #704, #284, #3454, .T. ) ;
#1656 = CARTESIAN_POINT ( 'NONE',  ( -5.499999999999998200, 0.9299999999999989400, -3.295000000000000800 ) ) ;
#1657 = DIRECTION ( 'NONE',  ( 0.0000000000000000000, -1.000000000000000000, 0.0000000000000000000 ) ) ;
#1658 = ORIENTED_EDGE ( 'NONE', *, *, #3141, .T. ) ;
#1659 = ORIENTED_EDGE ( 'NONE', *, *, #2287, .T. ) ;
#1660 = DIRECTION ( 'NONE',  ( -1.000000000000000000, 0.0000000000000000000, 0.0000000000000000000 ) ) ;
#1661 = VERTEX_POINT ( 'NONE', #205 ) ;
#1662 = LINE ( 'NONE', #821, #3057 ) ;
#1663 = PLANE ( 'NONE',  #2113 ) ;
#1664 = ADVANCED_FACE ( 'NONE', ( #1187 ), #448, .F. ) ;
#1665 = ORIENTED_EDGE ( 'NONE', *, *, #1089, .T. ) ;
#1666 = DIRECTION ( 'NONE',  ( 0.0000000000000000000, -0.9483378618061765200, 0.3172621941941539700 ) ) ;
#1667 = ORIENTED_EDGE ( 'NONE', *, *, #2054, .F. ) ;
#1668 = VECTOR ( 'NONE', #652, 1000.000000000000000 ) ;
#1669 = DIRECTION ( 'NONE',  ( 0.0000000000000000000, 1.000000000000000000, 0.0000000000000000000 ) ) ;
#1670 = DIRECTION ( 'NONE',  ( 0.0000000000000000000, 0.0000000000000000000, -1.000000000000000000 ) ) ;
#1671 = ORIENTED_EDGE ( 'NONE', *, *, #2379, .F. ) ;
#1672 = CARTESIAN_POINT ( 'NONE',  ( -3.949999999999998800, 3.680000000000000200, 4.580000000000001000 ) ) ;
#1673 = AXIS2_PLACEMENT_3D ( 'NONE', #1080, #544, #1372 ) ;
#1674 = DIRECTION ( 'NONE',  ( 0.0000000000000000000, 3.717264591378876000E-015, -1.000000000000000000 ) ) ;
#1675 = CARTESIAN_POINT ( 'NONE',  ( 3.974999999999998300, 0.9299999999999989400, -3.218499084290297400 ) ) ;
#1676 = CARTESIAN_POINT ( 'NONE',  ( -10.30500000000000300, -0.1736211735835802000, -0.2650000000000117800 ) ) ;
#1677 = VECTOR ( 'NONE', #3184, 1000.000000000000100 ) ;
#1678 = EDGE_CURVE ( 'NONE', #2839, #2346, #3377, .T. ) ;
#1679 = FACE_OUTER_BOUND ( 'NONE', #531, .T. ) ;
#1680 = CARTESIAN_POINT ( 'NONE',  ( 7.024999999999998600, 1.185166213819379000, -3.243765940940885400 ) ) ;
#1681 = DIRECTION ( 'NONE',  ( 0.8698854280611946200, 0.4932538312540434300, 0.0000000000000000000 ) ) ;
#1682 = CIRCLE ( 'NONE', #751, 4.000000000000000000 ) ;
#1683 = ADVANCED_FACE ( 'NONE', ( #2380 ), #175, .F. ) ;
#1684 = AXIS2_PLACEMENT_3D ( 'NONE', #2384, #2918, #1259 ) ;
#1685 = CARTESIAN_POINT ( 'NONE',  ( -7.049999999999998900, 3.429999999999999700, 4.580000000000001000 ) ) ;
#1686 = DIRECTION ( 'NONE',  ( 3.469446951953613600E-014, -1.000000000000000000, 0.0000000000000000000 ) ) ;
#1687 = DIRECTION ( 'NONE',  ( 3.469446951953613600E-014, -1.000000000000000000, 0.0000000000000000000 ) ) ;
#1688 = CARTESIAN_POINT ( 'NONE',  ( -10.55500000000001000, 8.728703347107861000E-016, 5.230000000000002200 ) ) ;
#1689 = ORIENTED_EDGE ( 'NONE', *, *, #1497, .F. ) ;
#1690 = CYLINDRICAL_SURFACE ( 'NONE', #2402, 0.1000000000000011300 ) ;
#1691 = DIRECTION ( 'NONE',  ( 0.7607025316406785800, 0.0000000000000000000, 0.6491006534856227400 ) ) ;
#1692 = EDGE_CURVE ( 'NONE', #538, #3058, #2051, .T. ) ;
#1693 = VECTOR ( 'NONE', #710, 1000.000000000000000 ) ;
#1694 = CARTESIAN_POINT ( 'NONE',  ( -5.500000000000000000, 3.680000000000000200, -2.420000000000000400 ) ) ;
#1695 = ORIENTED_EDGE ( 'NONE', *, *, #2360, .T. ) ;
#1696 = DIRECTION ( 'NONE',  ( 0.0000000000000000000, 0.0000000000000000000, 1.000000000000000000 ) ) ;
#1697 = VECTOR ( 'NONE', #299, 1000.000000000000100 ) ;
#1698 = EDGE_CURVE ( 'NONE', #2825, #1955, #3372, .T. ) ;
#1699 = ORIENTED_EDGE ( 'NONE', *, *, #1967, .T. ) ;
#1700 = ORIENTED_EDGE ( 'NONE', *, *, #459, .F. ) ;
#1701 = ORIENTED_EDGE ( 'NONE', *, *, #1698, .F. ) ;
#1702 = EDGE_CURVE ( 'NONE', #3062, #447, #2936, .T. ) ;
#1703 = DIRECTION ( 'NONE',  ( 0.8698854280611952900, 0.4932538312540421000, -0.0000000000000000000 ) ) ;
#1704 = ORIENTED_EDGE ( 'NONE', *, *, #2259, .F. ) ;
#1705 = AXIS2_PLACEMENT_3D ( 'NONE', #2226, #305, #2783 ) ;
#1706 = PLANE ( 'NONE',  #1119 ) ;
#1707 = CARTESIAN_POINT ( 'NONE',  ( -10.55500000000000300, -0.1736211735835888900, 1.304999999999988200 ) ) ;
#1708 = VERTEX_POINT ( 'NONE', #1197 ) ;
#1709 = ORIENTED_EDGE ( 'NONE', *, *, #398, .F. ) ;
#1710 = DIRECTION ( 'NONE',  ( 0.0000000000000000000, 0.0000000000000000000, -1.000000000000000000 ) ) ;
#1711 = DIRECTION ( 'NONE',  ( 5.028183988338599400E-015, 0.0000000000000000000, 1.000000000000000000 ) ) ;
#1712 = LINE ( 'NONE', #342, #2232 ) ;
#1713 = ORIENTED_EDGE ( 'NONE', *, *, #1032, .T. ) ;
#1714 = ORIENTED_EDGE ( 'NONE', *, *, #864, .T. ) ;
#1715 = DIRECTION ( 'NONE',  ( 1.000000000000000000, 3.717264591378894900E-015, 0.0000000000000000000 ) ) ;
#1716 = CIRCLE ( 'NONE', #382, 0.3499999999999996400 ) ;
#1717 = CARTESIAN_POINT ( 'NONE',  ( 10.55500000000000900, -3.501187250950756200E-015, 1.304999999999988200 ) ) ;
#1718 = ORIENTED_EDGE ( 'NONE', *, *, #2623, .T. ) ;
#1719 = LINE ( 'NONE', #1561, #2882 ) ;
#1720 = LINE ( 'NONE', #1480, #1632 ) ;
#1721 = LINE ( 'NONE', #965, #41 ) ;
#1722 = EDGE_CURVE ( 'NONE', #888, #2811, #1969, .T. ) ;
#1723 = AXIS2_PLACEMENT_3D ( 'NONE', #3117, #891, #367 ) ;
#1724 = CIRCLE ( 'NONE', #314, 0.09999999999999939500 ) ;
#1725 = DIRECTION ( 'NONE',  ( 0.6491006534856227400, 0.0000000000000000000, -0.7607025316406785800 ) ) ;
#1726 = DIRECTION ( 'NONE',  ( 2.182665966395359800E-016, 0.0000000000000000000, 1.000000000000000000 ) ) ;
#1727 = AXIS2_PLACEMENT_3D ( 'NONE', #690, #1514, #1499 ) ;
#1728 = DIRECTION ( 'NONE',  ( -0.4932538312540469300, 0.8698854280611925100, 0.0000000000000000000 ) ) ;
#1729 = CARTESIAN_POINT ( 'NONE',  ( 3.447222222222221500, 3.429999999999999700, 8.817354263529926700 ) ) ;
#1730 = CARTESIAN_POINT ( 'NONE',  ( -11.25945989982141900, -1.787638840938917000, -0.2650000000000117800 ) ) ;
#1731 = VERTEX_POINT ( 'NONE', #1325 ) ;
#1732 = LINE ( 'NONE', #2212, #561 ) ;
#1733 = EDGE_LOOP ( 'NONE', ( #141, #3510, #502, #3442 ) ) ;
#1734 = VECTOR ( 'NONE', #2678, 1000.000000000000000 ) ;
#1735 = PLANE ( 'NONE',  #2192 ) ;
#1736 = EDGE_CURVE ( 'NONE', #61, #1313, #934, .T. ) ;
#1737 = VERTEX_POINT ( 'NONE', #521 ) ;
#1738 = VERTEX_POINT ( 'NONE', #2741 ) ;
#1739 = DIRECTION ( 'NONE',  ( -3.491481338843133400E-015, -1.000000000000000000, -1.381149264312737900E-016 ) ) ;
#1740 = VERTEX_POINT ( 'NONE', #1601 ) ;
#1741 = CARTESIAN_POINT ( 'NONE',  ( 10.30500000000001000, 3.736735977333718100E-014, 5.230000000000002200 ) ) ;
#1742 = ORIENTED_EDGE ( 'NONE', *, *, #147, .T. ) ;
#1743 = EDGE_CURVE ( 'NONE', #1740, #1047, #672, .T. ) ;
#1744 = PLANE ( 'NONE',  #499 ) ;
#1745 = ORIENTED_EDGE ( 'NONE', *, *, #1557, .T. ) ;
#1746 = ORIENTED_EDGE ( 'NONE', *, *, #2325, .T. ) ;
#1747 = CYLINDRICAL_SURFACE ( 'NONE', #127, 3.400000000000000400 ) ;
#1748 = ORIENTED_EDGE ( 'NONE', *, *, #3236, .F. ) ;
#1749 = CARTESIAN_POINT ( 'NONE',  ( 10.95500000000000000, -1.615000000000003500, -0.2650000000000117800 ) ) ;
#1750 = ORIENTED_EDGE ( 'NONE', *, *, #1364, .F. ) ;
#1751 = LINE ( 'NONE', #735, #3403 ) ;
#1752 = DIRECTION ( 'NONE',  ( 0.0000000000000000000, 1.000000000000000000, 0.0000000000000000000 ) ) ;
#1753 = ORIENTED_EDGE ( 'NONE', *, *, #2238, .T. ) ;
#1754 = DIRECTION ( 'NONE',  ( 0.0000000000000000000, -1.301042606982613200E-014, -1.000000000000000000 ) ) ;
#1755 = CYLINDRICAL_SURFACE ( 'NONE', #3443, 0.3499999999999996400 ) ;
#1756 = ADVANCED_FACE ( 'NONE', ( #3283 ), #3589, .F. ) ;
#1757 = DIRECTION ( 'NONE',  ( 1.000000000000000000, 4.336808689942119500E-015, 0.0000000000000000000 ) ) ;
#1758 = VECTOR ( 'NONE', #2344, 1000.000000000000000 ) ;
#1759 = EDGE_CURVE ( 'NONE', #3059, #794, #2979, .T. ) ;
#1760 = AXIS2_PLACEMENT_3D ( 'NONE', #2025, #2599, #935 ) ;
#1761 = LINE ( 'NONE', #2848, #426 ) ;
#1762 = CARTESIAN_POINT ( 'NONE',  ( 10.35054010017858600, -0.3462600145225094800, -0.2650000000000117800 ) ) ;
#1763 = SURFACE_STYLE_USAGE ( .BOTH. , #3424 ) ;
#1764 = DIRECTION ( 'NONE',  ( 0.0000000000000000000, 0.9483378618061746300, -0.3172621941941602400 ) ) ;
#1765 = EDGE_CURVE ( 'NONE', #156, #844, #1148, .T. ) ;
#1766 = ORIENTED_EDGE ( 'NONE', *, *, #1821, .T. ) ;
#1767 = DIRECTION ( 'NONE',  ( 1.000000000000000000, -0.0000000000000000000, -0.0000000000000000000 ) ) ;
#1768 = ADVANCED_FACE ( 'NONE', ( #1679 ), #1636, .F. ) ;
#1769 = ORIENTED_EDGE ( 'NONE', *, *, #3256, .T. ) ;
#1770 = CARTESIAN_POINT ( 'NONE',  ( 11.04198854280611800, -1.664325383125406600, 1.304999999999988200 ) ) ;
#1771 = LINE ( 'NONE', #1640, #131 ) ;
#1772 = PRESENTATION_LAYER_ASSIGNMENT (  '', '', ( #3080 ) ) ;
#1773 = CARTESIAN_POINT ( 'NONE',  ( -3.949999999999999700, 3.680000000000000200, 0.6061361502748022800 ) ) ;
#1774 = ORIENTED_EDGE ( 'NONE', *, *, #701, .F. ) ;
#1775 = DIRECTION ( 'NONE',  ( -0.0000000000000000000, -0.0000000000000000000, -1.000000000000000000 ) ) ;
#1776 = CIRCLE ( 'NONE', #2157, 0.3499999999999996400 ) ;
#1777 = EDGE_CURVE ( 'NONE', #1432, #1221, #2195, .T. ) ;
#1778 = ORIENTED_EDGE ( 'NONE', *, *, #2152, .T. ) ;
#1779 = VECTOR ( 'NONE', #329, 1000.000000000000000 ) ;
#1780 = ORIENTED_EDGE ( 'NONE', *, *, #1112, .F. ) ;
#1781 = DIRECTION ( 'NONE',  ( -0.8698854280611952900, 0.4932538312540421000, 0.0000000000000000000 ) ) ;
#1782 = LINE ( 'NONE', #789, #1042 ) ;
#1783 = CARTESIAN_POINT ( 'NONE',  ( 7.024999999999998600, 0.9299999999999989400, -3.275492160360300900 ) ) ;
#1784 = AXIS2_PLACEMENT_3D ( 'NONE', #2334, #2055, #1465 ) ;
#1785 = CARTESIAN_POINT ( 'NONE',  ( 10.30500000000001200, 7.589415207398582300E-016, -0.2650000000000117800 ) ) ;
#1786 = ORIENTED_EDGE ( 'NONE', *, *, #1588, .T. ) ;
#1787 = ORIENTED_EDGE ( 'NONE', *, *, #1967, .F. ) ;
#1788 = CARTESIAN_POINT ( 'NONE',  ( -7.049999999999998900, 3.429999999999999700, 4.580000000000001000 ) ) ;
#1789 = DIRECTION ( 'NONE',  ( 1.000000000000000000, 0.0000000000000000000, 0.0000000000000000000 ) ) ;
#1790 = CARTESIAN_POINT ( 'NONE',  ( 3.974999999999998300, 0.9299999999999989400, -3.275492160360300900 ) ) ;
#1791 = ORIENTED_EDGE ( 'NONE', *, *, #687, .F. ) ;
#1792 = EDGE_CURVE ( 'NONE', #3043, #1862, #2549, .T. ) ;
#1793 = ADVANCED_FACE ( 'NONE', ( #211 ), #808, .F. ) ;
#1794 = VERTEX_POINT ( 'NONE', #3267 ) ;
#1795 = AXIS2_PLACEMENT_3D ( 'NONE', #435, #717, #1337 ) ;
#1796 = FACE_OUTER_BOUND ( 'NONE', #2417, .T. ) ;
#1797 = ORIENTED_EDGE ( 'NONE', *, *, #1138, .T. ) ;
#1798 = VECTOR ( 'NONE', #775, 1000.000000000000000 ) ;
#1799 = AXIS2_PLACEMENT_3D ( 'NONE', #2667, #2906, #3183 ) ;
#1800 = CARTESIAN_POINT ( 'NONE',  ( -3.974999999999998300, 3.563760189063893200, 3.866160063063140300 ) ) ;
#1801 = DIRECTION ( 'NONE',  ( -1.000000000000000000, -1.486905836551558000E-014, 0.0000000000000000000 ) ) ;
#1802 = FACE_OUTER_BOUND ( 'NONE', #409, .T. ) ;
#1803 = CARTESIAN_POINT ( 'NONE',  ( -3.900000000000000800, 3.329999999999999600, -9.570000000000000300 ) ) ;
#1804 = LINE ( 'NONE', #265, #3191 ) ;
#1805 = EDGE_CURVE ( 'NONE', #941, #683, #1804, .T. ) ;
#1806 = LINE ( 'NONE', #1812, #2939 ) ;
#1807 = CARTESIAN_POINT ( 'NONE',  ( 10.95500000000000000, -1.615000000000003500, 1.304999999999988200 ) ) ;
#1808 = FACE_OUTER_BOUND ( 'NONE', #389, .T. ) ;
#1809 = CYLINDRICAL_SURFACE ( 'NONE', #2147, 2.250000000000000400 ) ;
#1810 = DIRECTION ( 'NONE',  ( 0.0000000000000000000, 0.0000000000000000000, -1.000000000000000000 ) ) ;
#1811 = CARTESIAN_POINT ( 'NONE',  ( -10.95500000000000000, -1.615000000000003500, 1.304999999999988200 ) ) ;
#1812 = CARTESIAN_POINT ( 'NONE',  ( -10.30500000000001200, 7.223410652355686800E-016, 1.897699089165713100E-015 ) ) ;
#1813 = AXIS2_PLACEMENT_3D ( 'NONE', #2434, #1284, #1034 ) ;
#1814 = LINE ( 'NONE', #3315, #3388 ) ;
#1815 = ORIENTED_EDGE ( 'NONE', *, *, #2333, .F. ) ;
#1816 = CIRCLE ( 'NONE', #772, 0.3499999999999996400 ) ;
#1817 = DIRECTION ( 'NONE',  ( -0.4932538312540420400, -0.8698854280611952900, 0.0000000000000000000 ) ) ;
#1818 = PLANE ( 'NONE',  #3119 ) ;
#1819 = VERTEX_POINT ( 'NONE', #3045 ) ;
#1820 = EDGE_LOOP ( 'NONE', ( #763, #1995, #2413, #1435, #3121, #3395, #3075, #1649 ) ) ;
#1821 = EDGE_CURVE ( 'NONE', #1870, #1257, #2150, .T. ) ;
#1822 = DIRECTION ( 'NONE',  ( 1.000000000000000000, 0.0000000000000000000, 0.0000000000000000000 ) ) ;
#1823 = ORIENTED_EDGE ( 'NONE', *, *, #3370, .T. ) ;
#1824 = DIRECTION ( 'NONE',  ( -1.000000000000000000, -1.734723475976847800E-014, 0.0000000000000000000 ) ) ;
#1825 = ORIENTED_EDGE ( 'NONE', *, *, #1805, .F. ) ;
#1826 = AXIS2_PLACEMENT_3D ( 'NONE', #2371, #1501, #106 ) ;
#1827 = EDGE_LOOP ( 'NONE', ( #2535, #841, #2926, #2118 ) ) ;
#1828 = CARTESIAN_POINT ( 'NONE',  ( -10.55500000000001200, 2.173912941693391400E-015, -4.189999999999997700 ) ) ;
#1829 = ORIENTED_EDGE ( 'NONE', *, *, #954, .F. ) ;
#1830 = CARTESIAN_POINT ( 'NONE',  ( 10.65500000000000300, -0.1736211735835923600, 1.304999999999988200 ) ) ;
#1831 = ORIENTED_EDGE ( 'NONE', *, *, #3276, .F. ) ;
#1832 = CARTESIAN_POINT ( 'NONE',  ( 3.949999999999998800, 3.680000000000000200, 4.580000000000001000 ) ) ;
#1833 = DIRECTION ( 'NONE',  ( -1.000000000000000000, 0.0000000000000000000, 0.0000000000000000000 ) ) ;
#1834 = VECTOR ( 'NONE', #1449, 1000.000000000000000 ) ;
#1835 = EDGE_CURVE ( 'NONE', #1313, #1867, #1061, .T. ) ;
#1836 = ORIENTED_EDGE ( 'NONE', *, *, #1702, .F. ) ;
#1837 = AXIS2_PLACEMENT_3D ( 'NONE', #2489, #1067, #3330 ) ;
#1838 = ORIENTED_EDGE ( 'NONE', *, *, #139, .F. ) ;
#1839 = LINE ( 'NONE', #589, #3064 ) ;
#1840 = DIRECTION ( 'NONE',  ( 2.182665966395359800E-016, 0.0000000000000000000, -1.000000000000000000 ) ) ;
#1841 = ADVANCED_FACE ( 'NONE', ( #3024 ), #333, .T. ) ;
#1842 = CYLINDRICAL_SURFACE ( 'NONE', #2773, 0.1000000000000011300 ) ;
#1843 = CARTESIAN_POINT ( 'NONE',  ( -7.024999999999998600, 3.563760189063893200, 3.866160063063140300 ) ) ;
#1844 = CARTESIAN_POINT ( 'NONE',  ( -10.20499999999999800, 3.680000000000000200, 5.230000000000003100 ) ) ;
#1845 = LINE ( 'NONE', #1251, #1068 ) ;
#1846 = AXIS2_PLACEMENT_3D ( 'NONE', #2845, #3359, #1728 ) ;
#1847 = ORIENTED_EDGE ( 'NONE', *, *, #1605, .T. ) ;
#1848 = DIRECTION ( 'NONE',  ( 0.0000000000000000000, -1.301042606982613200E-014, -1.000000000000000000 ) ) ;
#1849 = EDGE_CURVE ( 'NONE', #1331, #2266, #2634, .T. ) ;
#1850 = ORIENTED_EDGE ( 'NONE', *, *, #2838, .T. ) ;
#1851 = AXIS2_PLACEMENT_3D ( 'NONE', #3129, #1472, #1757 ) ;
#1852 = CARTESIAN_POINT ( 'NONE',  ( -3.974999999999998300, 1.279999999999996700, -3.275492160360300900 ) ) ;
#1853 = CARTESIAN_POINT ( 'NONE',  ( 10.30500000000000000, 3.330000000000000500, -4.189999999999997700 ) ) ;
#1854 = ADVANCED_FACE ( 'NONE', ( #1592 ), #3375, .T. ) ;
#1855 = CIRCLE ( 'NONE', #862, 4.000000000000000000 ) ;
#1856 = DIRECTION ( 'NONE',  ( 0.0000000000000000000, 0.0000000000000000000, 1.000000000000000000 ) ) ;
#1857 = ORIENTED_EDGE ( 'NONE', *, *, #1765, .F. ) ;
#1858 = CARTESIAN_POINT ( 'NONE',  ( 11.30500000000000100, -1.615000000000003500, -0.2650000000000117800 ) ) ;
#1859 = VECTOR ( 'NONE', #3065, 1000.000000000000100 ) ;
#1860 = DIRECTION ( 'NONE',  ( 0.0000000000000000000, -1.000000000000000000, 0.0000000000000000000 ) ) ;
#1861 = CARTESIAN_POINT ( 'NONE',  ( 11.05500000000000000, -1.615000000000003500, -0.2650000000000117800 ) ) ;
#1862 = VERTEX_POINT ( 'NONE', #1373 ) ;
#1863 = ORIENTED_EDGE ( 'NONE', *, *, #2431, .T. ) ;
#1864 = DIRECTION ( 'NONE',  ( -0.0000000000000000000, -0.0000000000000000000, -1.000000000000000000 ) ) ;
#1865 = CARTESIAN_POINT ( 'NONE',  ( -10.20500000000000000, 3.429999999999999700, -4.189999999999998600 ) ) ;
#1866 = ORIENTED_EDGE ( 'NONE', *, *, #2011, .F. ) ;
#1867 = VERTEX_POINT ( 'NONE', #1676 ) ;
#1868 = EDGE_CURVE ( 'NONE', #2266, #1257, #1883, .T. ) ;
#1869 = CYLINDRICAL_SURFACE ( 'NONE', #1048, 0.09999999999999939500 ) ;
#1870 = VERTEX_POINT ( 'NONE', #567 ) ;
#1871 = DIRECTION ( 'NONE',  ( 1.000000000000000000, -0.0000000000000000000, -0.0000000000000000000 ) ) ;
#1872 = VERTEX_POINT ( 'NONE', #830 ) ;
#1873 = DIRECTION ( 'NONE',  ( 0.0000000000000000000, 0.9483378618061746300, -0.3172621941941602400 ) ) ;
#1874 = DIRECTION ( 'NONE',  ( 3.540251991789402300E-015, 1.000000000000000000, 0.0000000000000000000 ) ) ;
#1875 = ADVANCED_FACE ( 'NONE', ( #1496 ), #2218, .T. ) ;
#1876 = EDGE_CURVE ( 'NONE', #743, #1047, #115, .T. ) ;
#1877 = DIRECTION ( 'NONE',  ( 1.000000000000000000, 0.0000000000000000000, -1.841532352416992700E-016 ) ) ;
#1878 = CIRCLE ( 'NONE', #1489, 0.7850000000000000300 ) ;
#1879 = CARTESIAN_POINT ( 'NONE',  ( -11.25945989982141900, -1.442361159061087200, -0.2650000000000117800 ) ) ;
#1880 = EDGE_CURVE ( 'NONE', #3308, #659, #1546, .T. ) ;
#1881 = PRESENTATION_LAYER_ASSIGNMENT (  '', '', ( #1991 ) ) ;
#1882 = CARTESIAN_POINT ( 'NONE',  ( -7.049999999999998900, 3.429999999999999700, 4.580000000000001000 ) ) ;
#1883 = LINE ( 'NONE', #3061, #814 ) ;
#1884 = DIRECTION ( 'NONE',  ( -1.000000000000000000, 0.0000000000000000000, 0.0000000000000000000 ) ) ;
#1885 = LINE ( 'NONE', #1470, #260 ) ;
#1886 = CARTESIAN_POINT ( 'NONE',  ( 3.974999999999998300, 1.179999999999999000, -3.218499084290297400 ) ) ;
#1887 = CARTESIAN_POINT ( 'NONE',  ( 3.974999999999998300, 3.326675723612349400, 3.945475611611680000 ) ) ;
#1888 = VECTOR ( 'NONE', #230, 1000.000000000000000 ) ;
#1889 = ADVANCED_FACE ( 'NONE', ( #2803 ), #1936, .T. ) ;
#1890 = EDGE_CURVE ( 'NONE', #2126, #2836, #2470, .T. ) ;
#1891 = ORIENTED_EDGE ( 'NONE', *, *, #3109, .T. ) ;
#1892 = VECTOR ( 'NONE', #1087, 1000.000000000000000 ) ;
#1893 =( NAMED_UNIT ( * ) SI_UNIT ( $, .STERADIAN. ) SOLID_ANGLE_UNIT ( ) );
#1894 = DIRECTION ( 'NONE',  ( -1.000000000000000000, 0.0000000000000000000, 0.0000000000000000000 ) ) ;
#1895 = DIRECTION ( 'NONE',  ( -1.000000000000000000, 3.469446951953610400E-014, 0.0000000000000000000 ) ) ;
#1896 = FACE_OUTER_BOUND ( 'NONE', #1027, .T. ) ;
#1897 = EDGE_CURVE ( 'NONE', #1120, #2744, #2887, .T. ) ;
#1898 = DIRECTION ( 'NONE',  ( 0.0000000000000000000, -0.0000000000000000000, -1.000000000000000000 ) ) ;
#1899 = VERTEX_POINT ( 'NONE', #2532 ) ;
#1900 = DIRECTION ( 'NONE',  ( 0.0000000000000000000, 1.000000000000000000, 0.0000000000000000000 ) ) ;
#1901 = LINE ( 'NONE', #2017, #3259 ) ;
#1902 = ORIENTED_EDGE ( 'NONE', *, *, #3155, .F. ) ;
#1903 = VERTEX_POINT ( 'NONE', #2251 ) ;
#1904 = DIRECTION ( 'NONE',  ( 5.028183988338599400E-015, 0.0000000000000000000, 1.000000000000000000 ) ) ;
#1905 = ORIENTED_EDGE ( 'NONE', *, *, #47, .F. ) ;
#1906 = CARTESIAN_POINT ( 'NONE',  ( -10.30500000000000300, -0.1736211735835802000, -0.2650000000000117800 ) ) ;
#1907 = ADVANCED_FACE ( 'NONE', ( #770 ), #421, .F. ) ;
#1908 = ORIENTED_EDGE ( 'NONE', *, *, #121, .F. ) ;
#1909 = PLANE ( 'NONE',  #1388 ) ;
#1910 = CARTESIAN_POINT ( 'NONE',  ( 10.65500000000000300, -0.1736211735835923600, -0.2650000000000117800 ) ) ;
#1911 = ORIENTED_EDGE ( 'NONE', *, *, #584, .T. ) ;
#1912 = DIRECTION ( 'NONE',  ( 0.0000000000000000000, 0.0000000000000000000, -1.000000000000000000 ) ) ;
#1913 = ORIENTED_EDGE ( 'NONE', *, *, #2720, .F. ) ;
#1914 = EDGE_CURVE ( 'NONE', #1165, #3393, #3452, .T. ) ;
#1915 = ORIENTED_EDGE ( 'NONE', *, *, #517, .T. ) ;
#1916 = CARTESIAN_POINT ( 'NONE',  ( -3.974999999999998300, 1.429999999999999900, 4.580000000000001000 ) ) ;
#1917 = CIRCLE ( 'NONE', #2367, 0.1000000000000011300 ) ;
#1918 = ORIENTED_EDGE ( 'NONE', *, *, #3000, .F. ) ;
#1919 = LINE ( 'NONE', #3493, #3020 ) ;
#1920 = EDGE_CURVE ( 'NONE', #2400, #3340, #1720, .T. ) ;
#1921 = DIRECTION ( 'NONE',  ( 1.000000000000000000, -0.0000000000000000000, -0.0000000000000000000 ) ) ;
#1922 = LINE ( 'NONE', #3063, #3492 ) ;
#1923 = CARTESIAN_POINT ( 'NONE',  ( -10.65500000000000300, -0.1736211735835923600, 1.304999999999988200 ) ) ;
#1924 = ADVANCED_FACE ( 'NONE', ( #255 ), #2834, .T. ) ;
#1925 = AXIS2_PLACEMENT_3D ( 'NONE', #534, #1594, #1085 ) ;
#1926 = VECTOR ( 'NONE', #2145, 1000.000000000000000 ) ;
#1927 = DIRECTION ( 'NONE',  ( 0.0000000000000000000, 0.0000000000000000000, 1.000000000000000000 ) ) ;
#1928 = DIRECTION ( 'NONE',  ( -1.000000000000000000, 0.0000000000000000000, -0.0000000000000000000 ) ) ;
#1929 = LINE ( 'NONE', #2074, #1066 ) ;
#1930 = LINE ( 'NONE', #3455, #984 ) ;
#1931 = MANIFOLD_SOLID_BREP ( 'Combine1', #2463 ) ;
#1932 = DIRECTION ( 'NONE',  ( -0.0000000000000000000, 0.0000000000000000000, -1.000000000000000000 ) ) ;
#1933 = ORIENTED_EDGE ( 'NONE', *, *, #2521, .T. ) ;
#1934 = EDGE_CURVE ( 'NONE', #3058, #3363, #587, .T. ) ;
#1935 = VERTEX_POINT ( 'NONE', #111 ) ;
#1936 = PLANE ( 'NONE',  #3509 ) ;
#1937 = AXIS2_PLACEMENT_3D ( 'NONE', #797, #3559, #259 ) ;
#1938 = CIRCLE ( 'NONE', #3529, 0.3500000000000013700 ) ;
#1939 = ADVANCED_FACE ( 'NONE', ( #1802 ), #613, .T. ) ;
#1940 = CARTESIAN_POINT ( 'NONE',  ( 10.55500000000001000, 8.728703347107861000E-016, 5.230000000000002200 ) ) ;
#1941 = ORIENTED_EDGE ( 'NONE', *, *, #2587, .T. ) ;
#1942 = LINE ( 'NONE', #925, #485 ) ;
#1943 = EDGE_CURVE ( 'NONE', #2575, #1047, #373, .T. ) ;
#1944 = DIRECTION ( 'NONE',  ( 1.000000000000000000, -0.0000000000000000000, -0.0000000000000000000 ) ) ;
#1945 = AXIS2_PLACEMENT_3D ( 'NONE', #3470, #2058, #3438 ) ;
#1946 = CARTESIAN_POINT ( 'NONE',  ( 10.20500000000000000, 3.429999999999999700, -4.189999999999998600 ) ) ;
#1947 = VERTEX_POINT ( 'NONE', #885 ) ;
#1948 = ORIENTED_EDGE ( 'NONE', *, *, #3152, .T. ) ;
#1949 = CARTESIAN_POINT ( 'NONE',  ( -6.205000000000000100, 3.429999999999999700, 5.919999999999998200 ) ) ;
#1950 = ORIENTED_EDGE ( 'NONE', *, *, #249, .T. ) ;
#1951 = DIRECTION ( 'NONE',  ( 0.0000000000000000000, -1.000000000000000000, 0.0000000000000000000 ) ) ;
#1952 = AXIS2_PLACEMENT_3D ( 'NONE', #1316, #3268, #2963 ) ;
#1953 = EDGE_LOOP ( 'NONE', ( #3012, #1139, #2063, #2406 ) ) ;
#1954 = VECTOR ( 'NONE', #2743, 1000.000000000000000 ) ;
#1955 = VERTEX_POINT ( 'NONE', #85 ) ;
#1956 = ORIENTED_EDGE ( 'NONE', *, *, #3523, .F. ) ;
#1957 = EDGE_CURVE ( 'NONE', #3040, #1537, #458, .T. ) ;
#1958 = VECTOR ( 'NONE', #3532, 1000.000000000000000 ) ;
#1959 = DIRECTION ( 'NONE',  ( -1.000000000000000000, 3.469446951953611000E-014, 0.0000000000000000000 ) ) ;
#1960 = CARTESIAN_POINT ( 'NONE',  ( -7.050000000000000700, 3.429999999999999700, 0.6061361502748019400 ) ) ;
#1961 = ORIENTED_EDGE ( 'NONE', *, *, #887, .F. ) ;
#1962 = VECTOR ( 'NONE', #1275, 1000.000000000000200 ) ;
#1963 = EDGE_CURVE ( 'NONE', #1708, #475, #2508, .T. ) ;
#1964 = CARTESIAN_POINT ( 'NONE',  ( 11.04198854280611800, -1.664325383125406600, 1.304999999999988200 ) ) ;
#1965 = FACE_OUTER_BOUND ( 'NONE', #1134, .T. ) ;
#1966 = DIRECTION ( 'NONE',  ( 0.4932538312540421000, -0.8698854280611952900, 0.0000000000000000000 ) ) ;
#1967 = EDGE_CURVE ( 'NONE', #683, #3040, #547, .T. ) ;
#1968 = DIRECTION ( 'NONE',  ( 0.0000000000000000000, -0.0000000000000000000, 1.000000000000000000 ) ) ;
#1969 = LINE ( 'NONE', #2595, #3106 ) ;
#1970 = AXIS2_PLACEMENT_3D ( 'NONE', #2660, #1764, #3213 ) ;
#1971 = DIRECTION ( 'NONE',  ( 0.0000000000000000000, -1.000000000000000000, -0.0000000000000000000 ) ) ;
#1972 = CARTESIAN_POINT ( 'NONE',  ( 10.55500000000000900, -3.030000000000004200, 0.5199999999999882500 ) ) ;
#1973 = LINE ( 'NONE', #592, #1366 ) ;
#1974 = PLANE ( 'NONE',  #155 ) ;
#1975 = AXIS2_PLACEMENT_3D ( 'NONE', #832, #2220, #1390 ) ;
#1976 = DIRECTION ( 'NONE',  ( -1.000000000000000000, 0.0000000000000000000, 0.0000000000000000000 ) ) ;
#1977 = FACE_OUTER_BOUND ( 'NONE', #2533, .T. ) ;
#1978 = EDGE_LOOP ( 'NONE', ( #1527, #922, #99, #2357 ) ) ;
#1979 = CIRCLE ( 'NONE', #3501, 0.3500000000000000300 ) ;
#1980 = EDGE_CURVE ( 'NONE', #2442, #1899, #1229, .T. ) ;
#1981 = EDGE_LOOP ( 'NONE', ( #3570, #1769, #60, #709 ) ) ;
#1982 = LINE ( 'NONE', #693, #1424 ) ;
#1983 = ORIENTED_EDGE ( 'NONE', *, *, #1698, .T. ) ;
#1984 = FACE_OUTER_BOUND ( 'NONE', #2366, .T. ) ;
#1985 =( NAMED_UNIT ( * ) SI_UNIT ( $, .STERADIAN. ) SOLID_ANGLE_UNIT ( ) );
#1986 = EDGE_CURVE ( 'NONE', #972, #3261, #767, .T. ) ;
#1987 = EDGE_LOOP ( 'NONE', ( #1709, #3175, #414, #2986 ) ) ;
#1988 = PLANE ( 'NONE',  #1970 ) ;
#1989 = VERTEX_POINT ( 'NONE', #908 ) ;
#1990 = ORIENTED_EDGE ( 'NONE', *, *, #1063, .F. ) ;
#1991 = STYLED_ITEM ( 'NONE', ( #378 ), #1931 ) ;
#1992 = CARTESIAN_POINT ( 'NONE',  ( -11.04198854280611800, -1.664325383125406600, -0.2650000000000117800 ) ) ;
#1993 = LINE ( 'NONE', #3083, #3133 ) ;
#1994 = ADVANCED_FACE ( 'NONE', ( #2630 ), #2585, .F. ) ;
#1995 = ORIENTED_EDGE ( 'NONE', *, *, #1777, .T. ) ;
#1996 = CARTESIAN_POINT ( 'NONE',  ( 11.04198854280611800, -1.565674616874598700, 1.304999999999988200 ) ) ;
#1997 = DIRECTION ( 'NONE',  ( 0.0000000000000000000, 0.0000000000000000000, -1.000000000000000000 ) ) ;
#1998 = FACE_OUTER_BOUND ( 'NONE', #3469, .T. ) ;
#1999 = ORIENTED_EDGE ( 'NONE', *, *, #2379, .T. ) ;
#2000 = ORIENTED_EDGE ( 'NONE', *, *, #3007, .F. ) ;
#2001 = VECTOR ( 'NONE', #54, 1000.000000000000200 ) ;
#2002 = EDGE_CURVE ( 'NONE', #2916, #1440, #1183, .T. ) ;
#2003 = VERTEX_POINT ( 'NONE', #2385 ) ;
#2004 = LINE ( 'NONE', #2202, #2144 ) ;
#2005 = DIRECTION ( 'NONE',  ( 0.0000000000000000000, 0.0000000000000000000, 1.000000000000000000 ) ) ;
#2006 = CARTESIAN_POINT ( 'NONE',  ( -3.447222222222221500, 3.429999999999999700, 8.817354263529926700 ) ) ;
#2007 = PLANE ( 'NONE',  #2938 ) ;
#2008 = CARTESIAN_POINT ( 'NONE',  ( -3.974999999999998300, 3.326675723612349000, 3.945475611611680000 ) ) ;
#2009 = VECTOR ( 'NONE', #2399, 1000.000000000000000 ) ;
#2010 = DIRECTION ( 'NONE',  ( 1.000000000000000000, -3.469446951953611000E-014, 0.0000000000000000000 ) ) ;
#2011 = EDGE_CURVE ( 'NONE', #1466, #2298, #585, .T. ) ;
#2012 = AXIS2_PLACEMENT_3D ( 'NONE', #2767, #2788, #1660 ) ;
#2013 = LINE ( 'NONE', #2046, #3198 ) ;
#2014 = ADVANCED_FACE ( 'NONE', ( #3280 ), #1209, .F. ) ;
#2015 = AXIS2_PLACEMENT_3D ( 'NONE', #1528, #1230, #3491 ) ;
#2016 = EDGE_LOOP ( 'NONE', ( #1140, #2214, #1303, #2949 ) ) ;
#2017 = CARTESIAN_POINT ( 'NONE',  ( 10.20500000000000200, 3.429999999999997900, 5.230000000000003100 ) ) ;
#2018 = CARTESIAN_POINT ( 'NONE',  ( -10.55500000000001200, 2.173912941693390200E-015, -4.189999999999997700 ) ) ;
#2019 = CARTESIAN_POINT ( 'NONE',  ( -11.25945989982141900, -1.787638840938917000, 1.304999999999988200 ) ) ;
#2020 = ORIENTED_EDGE ( 'NONE', *, *, #3558, .F. ) ;
#2021 = LINE ( 'NONE', #2510, #784 ) ;
#2022 = CARTESIAN_POINT ( 'NONE',  ( -10.33752864298471000, -2.906686542186493600, 0.5199999999999882500 ) ) ;
#2023 = LINE ( 'NONE', #1688, #3211 ) ;
#2024 = AXIS2_PLACEMENT_3D ( 'NONE', #856, #3332, #1674 ) ;
#2025 = CARTESIAN_POINT ( 'NONE',  ( 6.205000000000000100, 3.429999999999999700, 5.919999999999998200 ) ) ;
#2026 = ORIENTED_EDGE ( 'NONE', *, *, #1276, .T. ) ;
#2027 = CIRCLE ( 'NONE', #490, 3.400000000000000400 ) ;
#2028 = DIRECTION ( 'NONE',  ( -1.000000000000000000, -0.0000000000000000000, -0.0000000000000000000 ) ) ;
#2029 = CARTESIAN_POINT ( 'NONE',  ( 3.899999999999999500, 3.816076242880621500E-014, -9.670000000000012400 ) ) ;
#2030 = ORIENTED_EDGE ( 'NONE', *, *, #3508, .F. ) ;
#2031 = DIRECTION ( 'NONE',  ( -0.0000000000000000000, -0.0000000000000000000, -1.000000000000000000 ) ) ;
#2032 = ORIENTED_EDGE ( 'NONE', *, *, #893, .F. ) ;
#2033 = EDGE_CURVE ( 'NONE', #1731, #796, #3067, .T. ) ;
#2034 = AXIS2_PLACEMENT_3D ( 'NONE', #3382, #1182, #932 ) ;
#2035 = DIRECTION ( 'NONE',  ( -0.8698854280611919600, -0.4932538312540479800, 0.0000000000000000000 ) ) ;
#2036 = ORIENTED_EDGE ( 'NONE', *, *, #1406, .F. ) ;
#2037 = CIRCLE ( 'NONE', #3544, 2.000000000000000000 ) ;
#2038 = ORIENTED_EDGE ( 'NONE', *, *, #701, .T. ) ;
#2039 = AXIS2_PLACEMENT_3D ( 'NONE', #2748, #2511, #4 ) ;
#2040 = ORIENTED_EDGE ( 'NONE', *, *, #911, .T. ) ;
#2041 = CARTESIAN_POINT ( 'NONE',  ( 7.024999999999998600, 1.179999999999999000, -3.295000000000000800 ) ) ;
#2042 = LINE ( 'NONE', #1618, #3574 ) ;
#2043 = ORIENTED_EDGE ( 'NONE', *, *, #2717, .F. ) ;
#2044 = VERTEX_POINT ( 'NONE', #2893 ) ;
#2045 = FACE_OUTER_BOUND ( 'NONE', #2486, .T. ) ;
#2046 = CARTESIAN_POINT ( 'NONE',  ( 10.56801145719388300, -0.2229465567089975500, -0.2650000000000117800 ) ) ;
#2047 = VECTOR ( 'NONE', #3196, 1000.000000000000100 ) ;
#2048 = EDGE_CURVE ( 'NONE', #1661, #990, #1105, .T. ) ;
#2049 = DIRECTION ( 'NONE',  ( 3.491481338843133400E-015, -1.000000000000000000, -1.381149264312737900E-016 ) ) ;
#2050 = ADVANCED_FACE ( 'NONE', ( #3322 ), #161, .T. ) ;
#2051 = LINE ( 'NONE', #2692, #1452 ) ;
#2052 = DIRECTION ( 'NONE',  ( 0.0000000000000000000, 1.000000000000000000, 0.0000000000000000000 ) ) ;
#2053 = AXIS2_PLACEMENT_3D ( 'NONE', #1491, #1233, #1801 ) ;
#2054 = EDGE_CURVE ( 'NONE', #886, #2003, #2332, .T. ) ;
#2055 = DIRECTION ( 'NONE',  ( -0.0000000000000000000, -1.000000000000000000, -0.0000000000000000000 ) ) ;
#2056 = LINE ( 'NONE', #2022, #1150 ) ;
#2057 = DIRECTION ( 'NONE',  ( 1.841532352416992700E-016, 1.381149264312744600E-016, -1.000000000000000000 ) ) ;
#2058 = DIRECTION ( 'NONE',  ( 0.0000000000000000000, 0.0000000000000000000, 1.000000000000000000 ) ) ;
#2059 = VECTOR ( 'NONE', #2089, 1000.000000000000000 ) ;
#2060 = EDGE_CURVE ( 'NONE', #2044, #1738, #2801, .T. ) ;
#2061 = CARTESIAN_POINT ( 'NONE',  ( -7.024999999999998600, 3.326675723612349000, 3.945475611611680000 ) ) ;
#2062 = DIRECTION ( 'NONE',  ( 1.000000000000000000, 0.0000000000000000000, -0.0000000000000000000 ) ) ;
#2063 = ORIENTED_EDGE ( 'NONE', *, *, #619, .T. ) ;
#2064 = DIRECTION ( 'NONE',  ( 1.000000000000000000, -0.0000000000000000000, -0.0000000000000000000 ) ) ;
#2065 = FACE_OUTER_BOUND ( 'NONE', #445, .T. ) ;
#2066 = ORIENTED_EDGE ( 'NONE', *, *, #194, .T. ) ;
#2067 = DIRECTION ( 'NONE',  ( -1.000000000000000000, 0.0000000000000000000, 0.0000000000000000000 ) ) ;
#2068 = CIRCLE ( 'NONE', #3050, 0.3499999999999996400 ) ;
#2069 = DIRECTION ( 'NONE',  ( -1.000000000000000000, 0.0000000000000000000, 0.0000000000000000000 ) ) ;
#2070 = ADVANCED_FACE ( 'NONE', ( #2885 ), #1842, .F. ) ;
#2071 = EDGE_CURVE ( 'NONE', #368, #2968, #3368, .T. ) ;
#2072 = ORIENTED_EDGE ( 'NONE', *, *, #817, .T. ) ;
#2073 = VECTOR ( 'NONE', #840, 1000.000000000000000 ) ;
#2074 = CARTESIAN_POINT ( 'NONE',  ( -3.974999999999998300, 3.430000000000000200, 4.580000000000001000 ) ) ;
#2075 = ORIENTED_EDGE ( 'NONE', *, *, #1242, .T. ) ;
#2076 = DIRECTION ( 'NONE',  ( 0.0000000000000000000, 0.0000000000000000000, 1.000000000000000000 ) ) ;
#2077 = VERTEX_POINT ( 'NONE', #2335 ) ;
#2078 = DIRECTION ( 'NONE',  ( 0.0000000000000000000, -0.0000000000000000000, 1.000000000000000000 ) ) ;
#2079 = ORIENTED_EDGE ( 'NONE', *, *, #725, .T. ) ;
#2080 = DIRECTION ( 'NONE',  ( 1.000000000000000000, 0.0000000000000000000, 0.0000000000000000000 ) ) ;
#2081 = ORIENTED_EDGE ( 'NONE', *, *, #2308, .T. ) ;
#2082 = EDGE_CURVE ( 'NONE', #617, #3305, #2148, .T. ) ;
#2083 = ORIENTED_EDGE ( 'NONE', *, *, #3180, .F. ) ;
#2084 = AXIS2_PLACEMENT_3D ( 'NONE', #2681, #474, #2427 ) ;
#2085 = VECTOR ( 'NONE', #2368, 1000.000000000000000 ) ;
#2086 = EDGE_LOOP ( 'NONE', ( #2787, #1911, #2273, #3526 ) ) ;
#2087 = CARTESIAN_POINT ( 'NONE',  ( -10.55500000000000900, -3.501187250950756200E-015, -0.2650000000000117800 ) ) ;
#2088 = ORIENTED_EDGE ( 'NONE', *, *, #1319, .T. ) ;
#2089 = DIRECTION ( 'NONE',  ( 0.0000000000000000000, 0.0000000000000000000, -1.000000000000000000 ) ) ;
#2090 = LINE ( 'NONE', #1153, #2001 ) ;
#2091 = PRODUCT_DEFINITION_FORMATION_WITH_SPECIFIED_SOURCE ( 'ANY', '', #998, .NOT_KNOWN. ) ;
#2092 = DIRECTION ( 'NONE',  ( -0.4932538312540469300, -0.8698854280611925100, 0.0000000000000000000 ) ) ;
#2093 = ADVANCED_FACE ( 'NONE', ( #2588 ), #2426, .F. ) ;
#2094 = DIRECTION ( 'NONE',  ( 0.8698854280611925100, -0.4932538312540469300, 0.0000000000000000000 ) ) ;
#2095 = PLANE ( 'NONE',  #3201 ) ;
#2096 = ORIENTED_EDGE ( 'NONE', *, *, #822, .T. ) ;
#2097 = LINE ( 'NONE', #1141, #2468 ) ;
#2098 = CARTESIAN_POINT ( 'NONE',  ( 11.25945989982141900, -1.787638840938917000, 1.304999999999988200 ) ) ;
#2099 = CARTESIAN_POINT ( 'NONE',  ( 10.30500000000000900, 5.172430128933278100E-015, -0.2650000000000117800 ) ) ;
#2100 = CARTESIAN_POINT ( 'NONE',  ( 10.30499999999999800, 3.330000000000000500, -4.189999999999997700 ) ) ;
#2101 = LINE ( 'NONE', #224, #1361 ) ;
#2102 = CARTESIAN_POINT ( 'NONE',  ( -3.899999999999999500, 0.6800000000000009400, -9.920000000000010600 ) ) ;
#2103 = CIRCLE ( 'NONE', #1542, 0.3500000000000013700 ) ;
#2104 = CARTESIAN_POINT ( 'NONE',  ( -10.30499999999999800, 3.330000000000000500, -4.189999999999997700 ) ) ;
#2105 = CIRCLE ( 'NONE', #2015, 0.3500000000000000300 ) ;
#2106 = FACE_OUTER_BOUND ( 'NONE', #3338, .T. ) ;
#2107 = EDGE_CURVE ( 'NONE', #1935, #2607, #3410, .T. ) ;
#2108 = CARTESIAN_POINT ( 'NONE',  ( 7.024999999999998600, 3.430000000000000200, 4.580000000000001000 ) ) ;
#2109 = DIRECTION ( 'NONE',  ( 0.0000000000000000000, 0.0000000000000000000, 1.000000000000000000 ) ) ;
#2110 = ADVANCED_FACE ( 'NONE', ( #297 ), #2908, .T. ) ;
#2111 = ORIENTED_EDGE ( 'NONE', *, *, #979, .T. ) ;
#2112 = DIRECTION ( 'NONE',  ( -1.000000000000000000, -0.0000000000000000000, -0.0000000000000000000 ) ) ;
#2113 = AXIS2_PLACEMENT_3D ( 'NONE', #3592, #3364, #1375 ) ;
#2114 = EDGE_LOOP ( 'NONE', ( #93, #158, #1658, #680, #441 ) ) ;
#2115 = LINE ( 'NONE', #654, #991 ) ;
#2116 = FILL_AREA_STYLE ('',( #190 ) ) ;
#2117 = DIRECTION ( 'NONE',  ( -1.000000000000000000, -3.491481338843133400E-015, -1.841532352416992700E-016 ) ) ;
#2118 = ORIENTED_EDGE ( 'NONE', *, *, #3026, .F. ) ;
#2119 = VECTOR ( 'NONE', #1669, 1000.000000000000000 ) ;
#2120 = CARTESIAN_POINT ( 'NONE',  ( 10.95500000000000000, -1.615000000000003500, 1.304999999999988200 ) ) ;
#2121 = PLANE ( 'NONE',  #2682 ) ;
#2122 = ORIENTED_EDGE ( 'NONE', *, *, #1393, .T. ) ;
#2123 = CARTESIAN_POINT ( 'NONE',  ( 10.30500000000001200, 3.736735977333718800E-014, 1.897699089165718300E-015 ) ) ;
#2124 = FACE_OUTER_BOUND ( 'NONE', #2282, .T. ) ;
#2125 = EDGE_CURVE ( 'NONE', #888, #105, #1017, .T. ) ;
#2126 = VERTEX_POINT ( 'NONE', #457 ) ;
#2127 = ORIENTED_EDGE ( 'NONE', *, *, #1605, .F. ) ;
#2128 = DIRECTION ( 'NONE',  ( -0.0000000000000000000, -0.0000000000000000000, 1.000000000000000000 ) ) ;
#2129 = DIRECTION ( 'NONE',  ( 1.000000000000000000, 0.0000000000000000000, 0.0000000000000000000 ) ) ;
#2130 = ORIENTED_EDGE ( 'NONE', *, *, #1934, .F. ) ;
#2131 = ADVANCED_FACE ( 'NONE', ( #208 ), #2410, .F. ) ;
#2132 = EDGE_LOOP ( 'NONE', ( #2789, #1338, #1299, #977 ) ) ;
#2133 = EDGE_CURVE ( 'NONE', #2619, #886, #2675, .T. ) ;
#2134 = DIRECTION ( 'NONE',  ( 0.0000000000000000000, 0.0000000000000000000, -1.000000000000000000 ) ) ;
#2135 = DIRECTION ( 'NONE',  ( -4.448008912761037900E-016, 6.982962677686266700E-015, -1.000000000000000000 ) ) ;
#2136 = VERTEX_POINT ( 'NONE', #1865 ) ;
#2137 = CARTESIAN_POINT ( 'NONE',  ( 10.55500000000001000, 1.414971420953540300E-015, 1.304999999999988400 ) ) ;
#2138 = ORIENTED_EDGE ( 'NONE', *, *, #3584, .T. ) ;
#2139 = CARTESIAN_POINT ( 'NONE',  ( -3.974999999999998300, 0.9480817483678319900, -3.164450392392346200 ) ) ;
#2140 = VECTOR ( 'NONE', #2790, 1000.000000000000000 ) ;
#2141 = EDGE_CURVE ( 'NONE', #2931, #1257, #1589, .T. ) ;
#2142 = ORIENTED_EDGE ( 'NONE', *, *, #3000, .T. ) ;
#2143 = VERTEX_POINT ( 'NONE', #2718 ) ;
#2144 = VECTOR ( 'NONE', #1334, 1000.000000000000100 ) ;
#2145 = DIRECTION ( 'NONE',  ( -0.0000000000000000000, -0.0000000000000000000, -1.000000000000000000 ) ) ;
#2146 = CARTESIAN_POINT ( 'NONE',  ( 10.30500000000000900, 5.172430128933278100E-015, 1.304999999999988200 ) ) ;
#2147 = AXIS2_PLACEMENT_3D ( 'NONE', #2625, #3190, #2076 ) ;
#2148 = LINE ( 'NONE', #136, #2047 ) ;
#2149 = CARTESIAN_POINT ( 'NONE',  ( -3.949999999999998800, 3.429999999999999700, 4.580000000000001000 ) ) ;
#2150 = CIRCLE ( 'NONE', #1158, 0.09999999999999982500 ) ;
#2151 = DIRECTION ( 'NONE',  ( 5.028183988338599400E-015, 0.0000000000000000000, 1.000000000000000000 ) ) ;
#2152 = EDGE_CURVE ( 'NONE', #2174, #1462, #2762, .T. ) ;
#2153 = DIRECTION ( 'NONE',  ( -3.540251991789402300E-015, 1.000000000000000000, 0.0000000000000000000 ) ) ;
#2154 = ADVANCED_FACE ( 'NONE', ( #1145 ), #3542, .T. ) ;
#2155 = FACE_OUTER_BOUND ( 'NONE', #2160, .T. ) ;
#2156 = DIRECTION ( 'NONE',  ( 0.0000000000000000000, -0.0000000000000000000, -1.000000000000000000 ) ) ;
#2157 = AXIS2_PLACEMENT_3D ( 'NONE', #1910, #3282, #2477 ) ;
#2158 = CARTESIAN_POINT ( 'NONE',  ( 3.974999999999998300, 3.563760189063893200, 3.866160063063140300 ) ) ;
#2159 = CYLINDRICAL_SURFACE ( 'NONE', #412, 1.524999999999999900 ) ;
#2160 = EDGE_LOOP ( 'NONE', ( #1037, #1579, #1116, #1778 ) ) ;
#2161 = PLANE ( 'NONE',  #166 ) ;
#2162 = EDGE_CURVE ( 'NONE', #125, #1819, #1318, .T. ) ;
#2163 = VERTEX_POINT ( 'NONE', #2668 ) ;
#2164 = AXIS2_PLACEMENT_3D ( 'NONE', #2635, #969, #2156 ) ;
#2165 = LINE ( 'NONE', #494, #782 ) ;
#2166 = CARTESIAN_POINT ( 'NONE',  ( -3.974999999999998300, 1.179999999999999000, -3.218499084290297400 ) ) ;
#2167 = LINE ( 'NONE', #1770, #829 ) ;
#2168 = AXIS2_PLACEMENT_3D ( 'NONE', #676, #2627, #931 ) ;
#2169 = ORIENTED_EDGE ( 'NONE', *, *, #2082, .F. ) ;
#2170 = LINE ( 'NONE', #317, #2258 ) ;
#2171 = ADVANCED_FACE ( 'NONE', ( #1965 ), #2991, .T. ) ;
#2172 = CARTESIAN_POINT ( 'NONE',  ( -7.049999999999998900, 3.429999999999999700, 4.580000000000001000 ) ) ;
#2173 = EDGE_LOOP ( 'NONE', ( #1286, #2483, #1956, #278, #2219, #1941 ) ) ;
#2174 = VERTEX_POINT ( 'NONE', #2100 ) ;
#2175 = DIRECTION ( 'NONE',  ( 0.0000000000000000000, 0.0000000000000000000, 1.000000000000000000 ) ) ;
#2176 = CARTESIAN_POINT ( 'NONE',  ( 3.899999999999999500, 0.6800000000000009400, -9.920000000000010600 ) ) ;
#2177 = ORIENTED_EDGE ( 'NONE', *, *, #893, .T. ) ;
#2178 = EDGE_CURVE ( 'NONE', #3248, #538, #3450, .T. ) ;
#2179 = ORIENTED_EDGE ( 'NONE', *, *, #1504, .T. ) ;
#2180 = PRODUCT_CONTEXT ( 'NONE', #2694, 'mechanical' ) ;
#2181 = VECTOR ( 'NONE', #1767, 1000.000000000000000 ) ;
#2182 = CARTESIAN_POINT ( 'NONE',  ( 1.734723475976807100E-015, 3.329999999999999600, -9.570000000000000300 ) ) ;
#2183 = ORIENTED_EDGE ( 'NONE', *, *, #3294, .T. ) ;
#2184 = EDGE_CURVE ( 'NONE', #656, #1794, #2101, .T. ) ;
#2185 = EDGE_LOOP ( 'NONE', ( #2465, #1753, #759, #1742 ) ) ;
#2186 = FACE_OUTER_BOUND ( 'NONE', #2185, .T. ) ;
#2187 = DIRECTION ( 'NONE',  ( 0.4932538312540420400, 0.8698854280611952900, 0.0000000000000000000 ) ) ;
#2188 = ORIENTED_EDGE ( 'NONE', *, *, #2333, .T. ) ;
#2189 = DIRECTION ( 'NONE',  ( 0.0000000000000000000, -0.0000000000000000000, 1.000000000000000000 ) ) ;
#2190 = ADVANCED_FACE ( 'NONE', ( #505 ), #3540, .T. ) ;
#2191 = LINE ( 'NONE', #3222, #72 ) ;
#2192 = AXIS2_PLACEMENT_3D ( 'NONE', #618, #2841, #3120 ) ;
#2193 = DIRECTION ( 'NONE',  ( 0.0000000000000000000, 0.0000000000000000000, 1.000000000000000000 ) ) ;
#2194 = DIRECTION ( 'NONE',  ( 0.0000000000000000000, -0.9483378618061749600, 0.3172621941941593000 ) ) ;
#2195 = LINE ( 'NONE', #1625, #2429 ) ;
#2196 = DIRECTION ( 'NONE',  ( -1.000000000000000000, -3.469446951953611000E-014, 0.0000000000000000000 ) ) ;
#2197 = DIRECTION ( 'NONE',  ( 5.028183988338599400E-015, 0.0000000000000000000, 1.000000000000000000 ) ) ;
#2198 = CYLINDRICAL_SURFACE ( 'NONE', #1607, 0.3500000000000013700 ) ;
#2199 = DIRECTION ( 'NONE',  ( 0.0000000000000000000, -0.0000000000000000000, -1.000000000000000000 ) ) ;
#2200 = EDGE_CURVE ( 'NONE', #1462, #1432, #2191, .T. ) ;
#2201 = VECTOR ( 'NONE', #1657, 1000.000000000000000 ) ;
#2202 = CARTESIAN_POINT ( 'NONE',  ( -3.974999999999998300, 3.326675723612349400, 3.945475611611680000 ) ) ;
#2203 = CARTESIAN_POINT ( 'NONE',  ( -3.974999999999998300, 0.9299999999999989400, -3.275492160360300900 ) ) ;
#2204 = AXIS2_PLACEMENT_3D ( 'NONE', #3233, #431, #2649 ) ;
#2205 = ORIENTED_EDGE ( 'NONE', *, *, #777, .T. ) ;
#2206 = DIRECTION ( 'NONE',  ( 1.000000000000000000, 0.0000000000000000000, 0.0000000000000000000 ) ) ;
#2207 = ADVANCED_FACE ( 'NONE', ( #2844 ), #1629, .T. ) ;
#2208 = CARTESIAN_POINT ( 'NONE',  ( 10.95500000000000000, -1.615000000000003500, 1.304999999999988200 ) ) ;
#2209 = EDGE_LOOP ( 'NONE', ( #1298, #2602, #1124, #2223 ) ) ;
#2210 = CYLINDRICAL_SURFACE ( 'NONE', #216, 4.000000000000000000 ) ;
#2211 = EDGE_CURVE ( 'NONE', #2739, #1391, #1585, .T. ) ;
#2212 = CARTESIAN_POINT ( 'NONE',  ( 3.899999999999999000, 3.429999999999999700, -9.570000000000000300 ) ) ;
#2213 = AXIS2_PLACEMENT_3D ( 'NONE', #400, #3485, #1246 ) ;
#2214 = ORIENTED_EDGE ( 'NONE', *, *, #1643, .F. ) ;
#2215 = LINE ( 'NONE', #2108, #2255 ) ;
#2216 = ORIENTED_EDGE ( 'NONE', *, *, #1379, .F. ) ;
#2217 = LINE ( 'NONE', #2529, #647 ) ;
#2218 = PLANE ( 'NONE',  #2012 ) ;
#2219 = ORIENTED_EDGE ( 'NONE', *, *, #442, .T. ) ;
#2220 = DIRECTION ( 'NONE',  ( -1.000000000000000000, 0.0000000000000000000, 0.0000000000000000000 ) ) ;
#2221 = ORIENTED_EDGE ( 'NONE', *, *, #1557, .F. ) ;
#2222 = DIRECTION ( 'NONE',  ( -1.841532352416992700E-016, 1.381149264312744600E-016, -1.000000000000000000 ) ) ;
#2223 = ORIENTED_EDGE ( 'NONE', *, *, #1312, .F. ) ;
#2224 = CARTESIAN_POINT ( 'NONE',  ( -10.30500000000001200, 7.223410652355686800E-016, 1.897699089165713100E-015 ) ) ;
#2225 = ORIENTED_EDGE ( 'NONE', *, *, #1043, .F. ) ;
#2226 = CARTESIAN_POINT ( 'NONE',  ( 10.95500000000000000, -1.615000000000003500, -0.2650000000000117800 ) ) ;
#2227 = ADVANCED_FACE ( 'NONE', ( #1102 ), #1022, .T. ) ;
#2228 = ORIENTED_EDGE ( 'NONE', *, *, #671, .T. ) ;
#2229 = AXIS2_PLACEMENT_3D ( 'NONE', #1916, #554, #1927 ) ;
#2230 = ORIENTED_EDGE ( 'NONE', *, *, #911, .F. ) ;
#2231 = DIRECTION ( 'NONE',  ( -1.000000000000000000, 0.0000000000000000000, 0.0000000000000000000 ) ) ;
#2232 = VECTOR ( 'NONE', #2290, 1000.000000000000000 ) ;
#2233 = CARTESIAN_POINT ( 'NONE',  ( 3.949999999999998800, 3.680000000000000200, 4.580000000000001000 ) ) ;
#2234 = ORIENTED_EDGE ( 'NONE', *, *, #1920, .F. ) ;
#2235 = EDGE_LOOP ( 'NONE', ( #1700, #1745, #957, #2445 ) ) ;
#2236 = CARTESIAN_POINT ( 'NONE',  ( 10.30500000000001000, -2.754298361189117000E-018, 5.230000000000002200 ) ) ;
#2237 = LINE ( 'NONE', #2480, #543 ) ;
#2238 = EDGE_CURVE ( 'NONE', #3308, #3160, #1719, .T. ) ;
#2239 = DIRECTION ( 'NONE',  ( 0.0000000000000000000, 0.0000000000000000000, 1.000000000000000000 ) ) ;
#2240 = VECTOR ( 'NONE', #1871, 1000.000000000000000 ) ;
#2241 = CARTESIAN_POINT ( 'NONE',  ( -10.72473290051913300, -2.223826481158455600, 0.5199999999999882500 ) ) ;
#2242 = LINE ( 'NONE', #2339, #3243 ) ;
#2243 = PLANE ( 'NONE',  #1231 ) ;
#2244 = DIRECTION ( 'NONE',  ( 1.841532352416992700E-016, 1.381149264312744600E-016, -1.000000000000000000 ) ) ;
#2245 = ORIENTED_EDGE ( 'NONE', *, *, #398, .T. ) ;
#2246 = EDGE_CURVE ( 'NONE', #2826, #3271, #2932, .T. ) ;
#2247 = DIRECTION ( 'NONE',  ( 0.0000000000000000000, 0.0000000000000000000, -1.000000000000000000 ) ) ;
#2248 = ORIENTED_EDGE ( 'NONE', *, *, #3349, .T. ) ;
#2249 = CARTESIAN_POINT ( 'NONE',  ( 11.04198854280611800, -1.664325383125406600, 1.304999999999988200 ) ) ;
#2250 = LINE ( 'NONE', #168, #3385 ) ;
#2251 = CARTESIAN_POINT ( 'NONE',  ( -7.024999999999998600, 3.680000000000000200, 4.580000000000001000 ) ) ;
#2252 = AXIS2_PLACEMENT_3D ( 'NONE', #3367, #1703, #49 ) ;
#2253 = EDGE_CURVE ( 'NONE', #3224, #2304, #3536, .T. ) ;
#2254 = ORIENTED_EDGE ( 'NONE', *, *, #2493, .F. ) ;
#2255 = VECTOR ( 'NONE', #1243, 1000.000000000000000 ) ;
#2256 = DIRECTION ( 'NONE',  ( 0.0000000000000000000, 1.000000000000000000, 0.0000000000000000000 ) ) ;
#2257 = CARTESIAN_POINT ( 'NONE',  ( 10.95500000000000000, -1.615000000000003500, 1.304999999999988200 ) ) ;
#2258 = VECTOR ( 'NONE', #1151, 999.9999999999998900 ) ;
#2259 = EDGE_CURVE ( 'NONE', #556, #1903, #2840, .T. ) ;
#2260 = CARTESIAN_POINT ( 'NONE',  ( 5.499999999999998200, 1.179999999999999000, -4.820000000000000300 ) ) ;
#2261 = AXIS2_PLACEMENT_3D ( 'NONE', #2404, #439, #692 ) ;
#2262 = DIRECTION ( 'NONE',  ( 1.000000000000000000, -0.0000000000000000000, -0.0000000000000000000 ) ) ;
#2263 = DIRECTION ( 'NONE',  ( 0.0000000000000000000, -1.000000000000000000, 0.0000000000000000000 ) ) ;
#2264 = ORIENTED_EDGE ( 'NONE', *, *, #172, .T. ) ;
#2265 = ADVANCED_FACE ( 'NONE', ( #1273 ), #3019, .T. ) ;
#2266 = VERTEX_POINT ( 'NONE', #2764 ) ;
#2267 = CARTESIAN_POINT ( 'NONE',  ( -7.024999999999998600, 0.9299999999999989400, -3.275492160360300900 ) ) ;
#2268 = VERTEX_POINT ( 'NONE', #826 ) ;
#2269 = EDGE_LOOP ( 'NONE', ( #1950, #1836, #574, #875 ) ) ;
#2270 = VECTOR ( 'NONE', #311, 1000.000000000000000 ) ;
#2271 = CARTESIAN_POINT ( 'NONE',  ( 10.30500000000000300, -0.1736211735835802000, -0.2650000000000117800 ) ) ;
#2272 = VERTEX_POINT ( 'NONE', #1369 ) ;
#2273 = ORIENTED_EDGE ( 'NONE', *, *, #626, .T. ) ;
#2274 = EDGE_CURVE ( 'NONE', #3418, #2442, #2759, .T. ) ;
#2275 = VECTOR ( 'NONE', #3099, 1000.000000000000000 ) ;
#2276 = EDGE_LOOP ( 'NONE', ( #1173, #2036, #854, #1168 ) ) ;
#2277 = DIRECTION ( 'NONE',  ( 0.0000000000000000000, 0.0000000000000000000, 1.000000000000000000 ) ) ;
#2278 = CARTESIAN_POINT ( 'NONE',  ( -7.024999999999998600, 1.429999999999999900, 4.580000000000001000 ) ) ;
#2279 = EDGE_LOOP ( 'NONE', ( #221, #3302, #2353, #1983 ) ) ;
#2280 = FACE_OUTER_BOUND ( 'NONE', #2579, .T. ) ;
#2281 = DIRECTION ( 'NONE',  ( -1.000000000000000000, 0.0000000000000000000, -0.0000000000000000000 ) ) ;
#2282 = EDGE_LOOP ( 'NONE', ( #1523, #2583, #18, #650 ) ) ;
#2283 = DIRECTION ( 'NONE',  ( 0.0000000000000000000, -1.000000000000000000, -3.784851220313033900E-015 ) ) ;
#2284 = FACE_OUTER_BOUND ( 'NONE', #1978, .T. ) ;
#2285 = DIRECTION ( 'NONE',  ( -5.028183988338599400E-015, 0.0000000000000000000, 1.000000000000000000 ) ) ;
#2286 = ADVANCED_FACE ( 'NONE', ( #811 ), #978, .T. ) ;
#2287 = EDGE_CURVE ( 'NONE', #1120, #888, #294, .T. ) ;
#2288 = CARTESIAN_POINT ( 'NONE',  ( 6.205000000000000100, 3.429999999999999700, 5.919999999999998200 ) ) ;
#2289 = VECTOR ( 'NONE', #3578, 1000.000000000000000 ) ;
#2290 = DIRECTION ( 'NONE',  ( 0.0000000000000000000, 1.000000000000000000, 0.0000000000000000000 ) ) ;
#2291 = DIRECTION ( 'NONE',  ( -3.540251991789402300E-015, -1.000000000000000000, 0.0000000000000000000 ) ) ;
#2292 = FACE_BOUND ( 'NONE', #2796, .T. ) ;
#2293 = CARTESIAN_POINT ( 'NONE',  ( -10.56801145719388300, -0.2229465567089975500, -0.2650000000000117800 ) ) ;
#2294 = LINE ( 'NONE', #1960, #1498 ) ;
#2295 = CARTESIAN_POINT ( 'NONE',  ( -10.30500000000001200, 3.736735977333718800E-014, -4.189999999999997700 ) ) ;
#2296 = FACE_OUTER_BOUND ( 'NONE', #1508, .T. ) ;
#2297 = DIRECTION ( 'NONE',  ( 0.0000000000000000000, 0.0000000000000000000, 1.000000000000000000 ) ) ;
#2298 = VERTEX_POINT ( 'NONE', #2472 ) ;
#2299 = CARTESIAN_POINT ( 'NONE',  ( 10.55499999999999800, 3.330000000000001800, 5.230000000000003100 ) ) ;
#2300 = EDGE_CURVE ( 'NONE', #683, #2825, #2004, .T. ) ;
#2301 = ORIENTED_EDGE ( 'NONE', *, *, #1248, .T. ) ;
#2302 = LINE ( 'NONE', #982, #3122 ) ;
#2303 = DIRECTION ( 'NONE',  ( 0.0000000000000000000, 1.000000000000000000, 0.0000000000000000000 ) ) ;
#2304 = VERTEX_POINT ( 'NONE', #1092 ) ;
#2305 = CARTESIAN_POINT ( 'NONE',  ( -10.68240439005845700, -2.199824814637222600, 0.5199999999999882500 ) ) ;
#2306 = LINE ( 'NONE', #1129, #2119 ) ;
#2307 = DIRECTION ( 'NONE',  ( 0.0000000000000000000, 1.000000000000000000, 0.0000000000000000000 ) ) ;
#2308 = EDGE_CURVE ( 'NONE', #2811, #1740, #1451, .T. ) ;
#2309 = VERTEX_POINT ( 'NONE', #3056 ) ;
#2310 = FACE_OUTER_BOUND ( 'NONE', #881, .T. ) ;
#2311 = ORIENTED_EDGE ( 'NONE', *, *, #1442, .T. ) ;
#2312 = ORIENTED_EDGE ( 'NONE', *, *, #1765, .T. ) ;
#2313 = DIRECTION ( 'NONE',  ( -0.7607025316406785800, 0.0000000000000000000, 0.6491006534856227400 ) ) ;
#2314 = CYLINDRICAL_SURFACE ( 'NONE', #827, 0.1000000000000011300 ) ;
#2315 = ORIENTED_EDGE ( 'NONE', *, *, #29, .T. ) ;
#2316 = ORIENTED_EDGE ( 'NONE', *, *, #2698, .T. ) ;
#2317 = DIRECTION ( 'NONE',  ( -1.000000000000000000, 0.0000000000000000000, 0.0000000000000000000 ) ) ;
#2318 = DIRECTION ( 'NONE',  ( -0.8698854280611952900, -0.4932538312540421000, 0.0000000000000000000 ) ) ;
#2319 = LINE ( 'NONE', #44, #1479 ) ;
#2320 = DIRECTION ( 'NONE',  ( 1.000000000000000000, 0.0000000000000000000, -0.0000000000000000000 ) ) ;
#2321 = ORIENTED_EDGE ( 'NONE', *, *, #2578, .F. ) ;
#2322 = EDGE_LOOP ( 'NONE', ( #698, #2666, #2753, #21 ) ) ;
#2323 = VECTOR ( 'NONE', #3446, 1000.000000000000000 ) ;
#2324 = CARTESIAN_POINT ( 'NONE',  ( -7.024999999999998600, 1.179999999999999000, -3.218499084290297400 ) ) ;
#2325 = EDGE_CURVE ( 'NONE', #1794, #2163, #3582, .T. ) ;
#2326 = ORIENTED_EDGE ( 'NONE', *, *, #1868, .T. ) ;
#2327 = CIRCLE ( 'NONE', #3189, 0.09999999999999766000 ) ;
#2328 = DIRECTION ( 'NONE',  ( 0.0000000000000000000, 0.0000000000000000000, 1.000000000000000000 ) ) ;
#2329 = ADVANCED_FACE ( 'NONE', ( #253 ), #766, .F. ) ;
#2330 = CARTESIAN_POINT ( 'NONE',  ( 3.900000000000000800, 3.329999999999999600, -9.570000000000000300 ) ) ;
#2331 = AXIS2_PLACEMENT_3D ( 'NONE', #220, #506, #774 ) ;
#2332 = LINE ( 'NONE', #150, #2719 ) ;
#2333 = EDGE_CURVE ( 'NONE', #2143, #2400, #2237, .T. ) ;
#2334 = CARTESIAN_POINT ( 'NONE',  ( 5.499999999999998200, 1.179999999999999000, -3.295000000000000800 ) ) ;
#2335 = CARTESIAN_POINT ( 'NONE',  ( -3.900000000000000800, 3.330000000000000100, -9.669999999999999900 ) ) ;
#2336 = VECTOR ( 'NONE', #929, 1000.000000000000000 ) ;
#2337 = DIRECTION ( 'NONE',  ( -0.0000000000000000000, -0.3172621941941601900, -0.9483378618061745200 ) ) ;
#2338 = EDGE_CURVE ( 'NONE', #2874, #125, #666, .T. ) ;
#2339 = CARTESIAN_POINT ( 'NONE',  ( 10.30500000000000000, 3.330000000000000500, 5.230000000000002200 ) ) ;
#2340 = VECTOR ( 'NONE', #1156, 1000.000000000000000 ) ;
#2341 = CARTESIAN_POINT ( 'NONE',  ( 10.95500000000000000, -1.615000000000003500, -0.2650000000000117800 ) ) ;
#2342 = DIRECTION ( 'NONE',  ( 0.0000000000000000000, 1.000000000000000000, 0.0000000000000000000 ) ) ;
#2343 = DIRECTION ( 'NONE',  ( 0.4932538312540399900, -0.8698854280611965100, 0.0000000000000000000 ) ) ;
#2344 = DIRECTION ( 'NONE',  ( 0.0000000000000000000, -0.0000000000000000000, -1.000000000000000000 ) ) ;
#2345 = ADVANCED_FACE ( 'NONE', ( #1488 ), #1755, .T. ) ;
#2346 = VERTEX_POINT ( 'NONE', #870 ) ;
#2347 = EDGE_CURVE ( 'NONE', #1872, #1478, #2097, .T. ) ;
#2348 = LINE ( 'NONE', #558, #600 ) ;
#2349 = DIRECTION ( 'NONE',  ( 0.0000000000000000000, 0.0000000000000000000, -1.000000000000000000 ) ) ;
#2350 = ORIENTED_EDGE ( 'NONE', *, *, #975, .F. ) ;
#2351 = CARTESIAN_POINT ( 'NONE',  ( 11.04198854280611800, -1.664325383125406600, -0.2650000000000117800 ) ) ;
#2352 = DIRECTION ( 'NONE',  ( 0.0000000000000000000, 1.000000000000000000, 0.0000000000000000000 ) ) ;
#2353 = ORIENTED_EDGE ( 'NONE', *, *, #1198, .F. ) ;
#2354 = CIRCLE ( 'NONE', #1216, 0.7850000000000000300 ) ;
#2355 = CARTESIAN_POINT ( 'NONE',  ( 3.974999999999998300, 0.9480817483678319900, -3.164450392392346200 ) ) ;
#2356 = DIRECTION ( 'NONE',  ( -1.000000000000000000, -0.0000000000000000000, -0.0000000000000000000 ) ) ;
#2357 = ORIENTED_EDGE ( 'NONE', *, *, #1792, .F. ) ;
#2358 = CARTESIAN_POINT ( 'NONE',  ( 10.95500000000000000, -1.615000000000003500, 1.304999999999988200 ) ) ;
#2359 = VERTEX_POINT ( 'NONE', #1946 ) ;
#2360 = EDGE_CURVE ( 'NONE', #1611, #968, #159, .T. ) ;
#2361 = AXIS2_PLACEMENT_3D ( 'NONE', #460, #2128, #1824 ) ;
#2362 = ORIENTED_EDGE ( 'NONE', *, *, #326, .F. ) ;
#2363 = ORIENTED_EDGE ( 'NONE', *, *, #2274, .T. ) ;
#2364 = VECTOR ( 'NONE', #1860, 1000.000000000000000 ) ;
#2365 = DIRECTION ( 'NONE',  ( -0.7607025316406785800, 0.0000000000000000000, 0.6491006534856227400 ) ) ;
#2366 = EDGE_LOOP ( 'NONE', ( #2971, #615, #487, #1766 ) ) ;
#2367 = AXIS2_PLACEMENT_3D ( 'NONE', #84, #387, #907 ) ;
#2368 = DIRECTION ( 'NONE',  ( -1.000000000000000000, -0.0000000000000000000, -0.0000000000000000000 ) ) ;
#2369 = EDGE_LOOP ( 'NONE', ( #1167, #3011, #2624, #3421, #108 ) ) ;
#2370 = DIRECTION ( 'NONE',  ( -0.0000000000000000000, 1.000000000000000000, -0.0000000000000000000 ) ) ;
#2371 = CARTESIAN_POINT ( 'NONE',  ( 10.55499999999999800, 3.430000000000000600, 5.230000000000002200 ) ) ;
#2372 = VECTOR ( 'NONE', #2965, 1000.000000000000000 ) ;
#2373 = CARTESIAN_POINT ( 'NONE',  ( 7.024999999999998600, 0.9299999999999989400, -3.218499084290297400 ) ) ;
#2374 = VERTEX_POINT ( 'NONE', #3111 ) ;
#2375 = CARTESIAN_POINT ( 'NONE',  ( 3.899999999999999000, 3.430000000000000600, -9.919999999999999900 ) ) ;
#2376 = VECTOR ( 'NONE', #2980, 1000.000000000000000 ) ;
#2377 = ORIENTED_EDGE ( 'NONE', *, *, #822, .F. ) ;
#2378 = VECTOR ( 'NONE', #238, 1000.000000000000000 ) ;
#2379 = EDGE_CURVE ( 'NONE', #743, #1731, #625, .T. ) ;
#2380 = FACE_OUTER_BOUND ( 'NONE', #2746, .T. ) ;
#2381 = EDGE_CURVE ( 'NONE', #1074, #1432, #716, .T. ) ;
#2382 = CARTESIAN_POINT ( 'NONE',  ( 11.25945989982141900, -1.787638840938917000, -0.2650000000000117800 ) ) ;
#2383 = FACE_OUTER_BOUND ( 'NONE', #1341, .T. ) ;
#2384 = CARTESIAN_POINT ( 'NONE',  ( -3.974999999999998300, 1.179999999999999000, -3.275492160360300900 ) ) ;
#2385 = CARTESIAN_POINT ( 'NONE',  ( 3.974999999999998300, 1.179999999999999000, -3.295000000000000800 ) ) ;
#2386 = VECTOR ( 'NONE', #2291, 1000.000000000000000 ) ;
#2387 = AXIS2_PLACEMENT_3D ( 'NONE', #3420, #1215, #2328 ) ;
#2388 = ORIENTED_EDGE ( 'NONE', *, *, #1914, .F. ) ;
#2389 = DIRECTION ( 'NONE',  ( 1.000000000000000000, 0.0000000000000000000, 0.0000000000000000000 ) ) ;
#2390 = CARTESIAN_POINT ( 'NONE',  ( 11.04198854280611800, -1.664325383125406600, 1.304999999999988200 ) ) ;
#2391 = VERTEX_POINT ( 'NONE', #1409 ) ;
#2392 = DIRECTION ( 'NONE',  ( 0.0000000000000000000, 1.000000000000000000, 0.0000000000000000000 ) ) ;
#2393 = LINE ( 'NONE', #836, #3561 ) ;
#2394 = DIRECTION ( 'NONE',  ( -1.000000000000000000, -3.540251991789402300E-015, -1.841532352416997600E-016 ) ) ;
#2395 = EDGE_CURVE ( 'NONE', #3554, #1708, #3103, .T. ) ;
#2396 = ORIENTED_EDGE ( 'NONE', *, *, #2152, .F. ) ;
#2397 = VECTOR ( 'NONE', #1810, 1000.000000000000000 ) ;
#2398 = DIRECTION ( 'NONE',  ( 0.0000000000000000000, 0.0000000000000000000, 1.000000000000000000 ) ) ;
#2399 = DIRECTION ( 'NONE',  ( 4.448008912761042800E-016, -3.491481338843133400E-015, 1.000000000000000000 ) ) ;
#2400 = VERTEX_POINT ( 'NONE', #1707 ) ;
#2401 = ORIENTED_EDGE ( 'NONE', *, *, #2884, .F. ) ;
#2402 = AXIS2_PLACEMENT_3D ( 'NONE', #267, #823, #3290 ) ;
#2403 = ADVANCED_FACE ( 'NONE', ( #894 ), #1974, .T. ) ;
#2404 = CARTESIAN_POINT ( 'NONE',  ( -10.95500000000000000, -1.615000000000003500, -0.2650000000000117800 ) ) ;
#2405 = CARTESIAN_POINT ( 'NONE',  ( -3.900000000000000800, 3.329999999999999600, -9.570000000000000300 ) ) ;
#2406 = ORIENTED_EDGE ( 'NONE', *, *, #2763, .T. ) ;
#2407 = ORIENTED_EDGE ( 'NONE', *, *, #1453, .T. ) ;
#2408 = DIRECTION ( 'NONE',  ( 0.0000000000000000000, -1.000000000000000000, -3.784851220313033900E-015 ) ) ;
#2409 = DIRECTION ( 'NONE',  ( -1.000000000000000000, 0.0000000000000000000, 0.0000000000000000000 ) ) ;
#2410 = PLANE ( 'NONE',  #335 ) ;
#2411 = ORIENTED_EDGE ( 'NONE', *, *, #527, .T. ) ;
#2412 = EDGE_CURVE ( 'NONE', #2309, #3160, #3408, .T. ) ;
#2413 = ORIENTED_EDGE ( 'NONE', *, *, #1169, .T. ) ;
#2414 = LINE ( 'NONE', #810, #1954 ) ;
#2415 = VERTEX_POINT ( 'NONE', #1517 ) ;
#2416 = DIRECTION ( 'NONE',  ( 1.000000000000000000, 0.0000000000000000000, -0.0000000000000000000 ) ) ;
#2417 = EDGE_LOOP ( 'NONE', ( #1095, #2854, #2858, #665, #2876 ) ) ;
#2418 = SURFACE_STYLE_USAGE ( .BOTH. , #462 ) ;
#2419 = CIRCLE ( 'NONE', #1371, 0.1000000000000011300 ) ;
#2420 = AXIS2_PLACEMENT_3D ( 'NONE', #491, #256, #1627 ) ;
#2421 = EDGE_LOOP ( 'NONE', ( #1918, #2311, #1159, #3091 ) ) ;
#2422 = VECTOR ( 'NONE', #3333, 1000.000000000000000 ) ;
#2423 = DIRECTION ( 'NONE',  ( 0.0000000000000000000, -0.0000000000000000000, -1.000000000000000000 ) ) ;
#2424 = DIRECTION ( 'NONE',  ( 1.000000000000000000, 0.0000000000000000000, 0.0000000000000000000 ) ) ;
#2425 = ADVANCED_FACE ( 'NONE', ( #1180 ), #1240, .F. ) ;
#2426 = CYLINDRICAL_SURFACE ( 'NONE', #3144, 0.1000000000000011300 ) ;
#2427 = DIRECTION ( 'NONE',  ( 0.0000000000000000000, 0.0000000000000000000, -1.000000000000000000 ) ) ;
#2428 = AXIS2_PLACEMENT_3D ( 'NONE', #117, #3136, #374 ) ;
#2429 = VECTOR ( 'NONE', #1315, 1000.000000000000000 ) ;
#2430 = DIRECTION ( 'NONE',  ( 0.0000000000000000000, -1.000000000000000000, 0.0000000000000000000 ) ) ;
#2431 = EDGE_CURVE ( 'NONE', #2455, #3399, #3188, .T. ) ;
#2432 = CARTESIAN_POINT ( 'NONE',  ( -7.049999999999998900, 3.680000000000000200, 4.580000000000001000 ) ) ;
#2433 = DIRECTION ( 'NONE',  ( 0.0000000000000000000, -0.0000000000000000000, -1.000000000000000000 ) ) ;
#2434 = CARTESIAN_POINT ( 'NONE',  ( 5.499999999999998200, 1.185166213819379000, -3.295000000000000800 ) ) ;
#2435 = CARTESIAN_POINT ( 'NONE',  ( 7.024999999999998600, 1.279999999999996700, -3.275492160360300900 ) ) ;
#2436 = AXIS2_PLACEMENT_3D ( 'NONE', #1117, #2503, #1106 ) ;
#2437 = VERTEX_POINT ( 'NONE', #2628 ) ;
#2438 = FACE_OUTER_BOUND ( 'NONE', #1201, .T. ) ;
#2439 = DIRECTION ( 'NONE',  ( -1.000000000000000000, 0.0000000000000000000, 0.0000000000000000000 ) ) ;
#2440 = ADVANCED_FACE ( 'NONE', ( #1013 ), #1270, .F. ) ;
#2441 = CARTESIAN_POINT ( 'NONE',  ( 3.974999999999998300, 1.185166213819379000, -3.243765940940885400 ) ) ;
#2442 = VERTEX_POINT ( 'NONE', #3217 ) ;
#2443 = VECTOR ( 'NONE', #1898, 1000.000000000000000 ) ;
#2444 = CARTESIAN_POINT ( 'NONE',  ( 10.94220425753443100, -2.347139938971965800, 0.5199999999999882500 ) ) ;
#2445 = ORIENTED_EDGE ( 'NONE', *, *, #2476, .F. ) ;
#2446 = EDGE_LOOP ( 'NONE', ( #536, #1077, #755, #1525 ) ) ;
#2447 = LINE ( 'NONE', #202, #699 ) ;
#2448 = DIRECTION ( 'NONE',  ( 0.0000000000000000000, 1.000000000000000000, 0.0000000000000000000 ) ) ;
#2449 = ORIENTED_EDGE ( 'NONE', *, *, #2578, .T. ) ;
#2450 = ORIENTED_EDGE ( 'NONE', *, *, #1130, .F. ) ;
#2451 = EDGE_CURVE ( 'NONE', #990, #3058, #1919, .T. ) ;
#2452 = CARTESIAN_POINT ( 'NONE',  ( -10.55499999999999800, 3.430000000000000600, 5.230000000000002200 ) ) ;
#2453 = EDGE_LOOP ( 'NONE', ( #921, #2662, #2138, #1774 ) ) ;
#2454 = DIRECTION ( 'NONE',  ( 0.0000000000000000000, 0.0000000000000000000, 1.000000000000000000 ) ) ;
#2455 = VERTEX_POINT ( 'NONE', #167 ) ;
#2456 = DIRECTION ( 'NONE',  ( 1.000000000000000000, 0.0000000000000000000, 0.0000000000000000000 ) ) ;
#2457 = DIRECTION ( 'NONE',  ( -1.000000000000000000, 0.0000000000000000000, 0.0000000000000000000 ) ) ;
#2458 = FACE_OUTER_BOUND ( 'NONE', #2622, .T. ) ;
#2459 = EDGE_CURVE ( 'NONE', #1584, #941, #3320, .T. ) ;
#2460 = ADVANCED_FACE ( 'NONE', ( #204 ), #3146, .F. ) ;
#2461 = ORIENTED_EDGE ( 'NONE', *, *, #1678, .T. ) ;
#2462 = AXIS2_PLACEMENT_3D ( 'NONE', #1018, #3517, #2134 ) ;
#2463 = CLOSED_SHELL ( 'NONE', ( #2207, #2070, #1516, #2093, #833, #3138, #217, #2131, #1573, #1495, #1907, #3425, #1889, #2227, #1768, #1039, #2014, #1994, #2403, #951, #778, #2460, #1072, #321, #3231, #2863, #3336, #1111, #104, #3247, #1541, #464, #1924, #1277, #3032, #258, #1254, #2491, #2975, #1420, #3208, #1664, #3285, #1058, #1756, #1595, #1217, #795, #1628, #2900, #2190, #1939, #1645, #2050, #3557, #738, #986, #2613, #880, #2110, #2474, #1290, #2329, #3516, #3498, #660, #1610, #3541, #3299, #1793, #3575, #2154, #586, #239, #1310, #2670, #1556, #122, #2941, #2171, #3478, #933, #1094, #178, #2920, #535, #395, #518, #1195, #3116, #273, #2992, #1345, #677, #2707, #2758, #162, #1854, #1146, #2265, #2959, #816, #68, #486, #2528, #2722, #2883, #1683, #1841, #1363, #1024, #3378, #719, #2685, #604, #1005, #200, #1875, #3014, #762, #3319, #1328, #2345, #639, #2440, #2286, #1476, #2425, #3270, #2543 ) ) ;
#2464 = FACE_OUTER_BOUND ( 'NONE', #959, .T. ) ;
#2465 = ORIENTED_EDGE ( 'NONE', *, *, #3197, .T. ) ;
#2466 = PLANE ( 'NONE',  #546 ) ;
#2467 = DIRECTION ( 'NONE',  ( 0.0000000000000000000, 1.000000000000000000, 0.0000000000000000000 ) ) ;
#2468 = VECTOR ( 'NONE', #3383, 1000.000000000000100 ) ;
#2469 = CARTESIAN_POINT ( 'NONE',  ( 10.95500000000000000, -1.615000000000003500, 1.304999999999988200 ) ) ;
#2470 = LINE ( 'NONE', #2777, #1321 ) ;
#2471 = DIRECTION ( 'NONE',  ( 0.0000000000000000000, 0.0000000000000000000, -1.000000000000000000 ) ) ;
#2472 = CARTESIAN_POINT ( 'NONE',  ( 7.024999999999998600, 0.9299999999999989400, -3.275492160360300900 ) ) ;
#2473 = APPLICATION_CONTEXT ( 'automotive_design' ) ;
#2474 = ADVANCED_FACE ( 'NONE', ( #2672 ), #3360, .F. ) ;
#2475 = CARTESIAN_POINT ( 'NONE',  ( 10.20499999999999800, 3.680000000000000200, 5.230000000000003100 ) ) ;
#2476 = EDGE_CURVE ( 'NONE', #2715, #475, #1839, .T. ) ;
#2477 = DIRECTION ( 'NONE',  ( -1.000000000000000000, 0.0000000000000000000, 0.0000000000000000000 ) ) ;
#2478 = EDGE_LOOP ( 'NONE', ( #2221, #3177, #1448, #2740 ) ) ;
#2479 = AXIS2_PLACEMENT_3D ( 'NONE', #2948, #3427, #1840 ) ;
#2480 = CARTESIAN_POINT ( 'NONE',  ( -10.55500000000000900, -3.501187250950756200E-015, 1.304999999999988200 ) ) ;
#2481 = ORIENTED_EDGE ( 'NONE', *, *, #2300, .T. ) ;
#2482 = LINE ( 'NONE', #1407, #1648 ) ;
#2483 = ORIENTED_EDGE ( 'NONE', *, *, #2395, .F. ) ;
#2484 = CARTESIAN_POINT ( 'NONE',  ( 11.25945989982141900, -1.442361159061087200, -0.2650000000000117800 ) ) ;
#2485 = DIRECTION ( 'NONE',  ( 0.0000000000000000000, 0.0000000000000000000, -1.000000000000000000 ) ) ;
#2486 = EDGE_LOOP ( 'NONE', ( #1718, #2868, #483, #2179, #3487, #3002, #995, #2205 ) ) ;
#2487 = VERTEX_POINT ( 'NONE', #1685 ) ;
#2488 = DIRECTION ( 'NONE',  ( 0.0000000000000000000, -0.3172621941941601900, -0.9483378618061745200 ) ) ;
#2489 = CARTESIAN_POINT ( 'NONE',  ( 3.974999999999998300, 1.279999999999996700, -3.275492160360300900 ) ) ;
#2490 = ORIENTED_EDGE ( 'NONE', *, *, #2977, .T. ) ;
#2491 = ADVANCED_FACE ( 'NONE', ( #2284 ), #898, .T. ) ;
#2492 = ORIENTED_EDGE ( 'NONE', *, *, #2300, .F. ) ;
#2493 = EDGE_CURVE ( 'NONE', #1487, #2304, #3235, .T. ) ;
#2494 = CARTESIAN_POINT ( 'NONE',  ( -10.55500000000000900, -3.501187250950756200E-015, -0.2650000000000117800 ) ) ;
#2495 = DIRECTION ( 'NONE',  ( -1.000000000000000000, 0.0000000000000000000, 0.0000000000000000000 ) ) ;
#2496 = VERTEX_POINT ( 'NONE', #565 ) ;
#2497 = DIRECTION ( 'NONE',  ( 0.0000000000000000000, -0.0000000000000000000, -1.000000000000000000 ) ) ;
#2498 = ORIENTED_EDGE ( 'NONE', *, *, #2516, .T. ) ;
#2499 = EDGE_CURVE ( 'NONE', #3418, #2136, #2327, .T. ) ;
#2500 = ORIENTED_EDGE ( 'NONE', *, *, #3349, .F. ) ;
#2501 = VECTOR ( 'NONE', #250, 1000.000000000000100 ) ;
#2502 = DIRECTION ( 'NONE',  ( 1.137523590804463700E-015, 0.0000000000000000000, 1.000000000000000000 ) ) ;
#2503 = DIRECTION ( 'NONE',  ( 0.0000000000000000000, 0.0000000000000000000, -1.000000000000000000 ) ) ;
#2504 = ORIENTED_EDGE ( 'NONE', *, *, #2431, .F. ) ;
#2505 = DIRECTION ( 'NONE',  ( -4.448008912761042800E-016, -3.491481338843133400E-015, 1.000000000000000000 ) ) ;
#2506 = VECTOR ( 'NONE', #542, 1000.000000000000000 ) ;
#2507 = AXIS2_PLACEMENT_3D ( 'NONE', #1055, #481, #1294 ) ;
#2508 = LINE ( 'NONE', #1730, #668 ) ;
#2509 = DIRECTION ( 'NONE',  ( -3.491481338843133400E-015, -1.000000000000000000, -1.381149264312737900E-016 ) ) ;
#2510 = CARTESIAN_POINT ( 'NONE',  ( -3.974999999999998300, 3.563760189063893200, 3.866160063063140300 ) ) ;
#2511 = DIRECTION ( 'NONE',  ( 0.8698854280611952900, -0.4932538312540421000, -0.0000000000000000000 ) ) ;
#2512 = EDGE_CURVE ( 'NONE', #3165, #53, #2973, .T. ) ;
#2513 = CIRCLE ( 'NONE', #3209, 0.3500000000000013700 ) ;
#2514 = CARTESIAN_POINT ( 'NONE',  ( -10.20499999999999800, 3.429999999999999700, 5.230000000000003100 ) ) ;
#2515 = AXIS2_PLACEMENT_3D ( 'NONE', #3142, #89, #1199 ) ;
#2516 = EDGE_CURVE ( 'NONE', #1867, #1989, #2586, .T. ) ;
#2517 = DIRECTION ( 'NONE',  ( -3.469446951953613600E-014, -1.000000000000000000, 0.0000000000000000000 ) ) ;
#2518 = DIRECTION ( 'NONE',  ( -1.000000000000000000, 0.0000000000000000000, 0.0000000000000000000 ) ) ;
#2519 = ORIENTED_EDGE ( 'NONE', *, *, #3584, .F. ) ;
#2520 = FACE_OUTER_BOUND ( 'NONE', #3223, .T. ) ;
#2521 = EDGE_CURVE ( 'NONE', #3093, #2607, #927, .T. ) ;
#2522 = PLANE ( 'NONE',  #3433 ) ;
#2523 = AXIS2_PLACEMENT_3D ( 'NONE', #552, #1381, #516 ) ;
#2524 = DIRECTION ( 'NONE',  ( 1.000000000000000000, 0.0000000000000000000, 0.0000000000000000000 ) ) ;
#2525 = ORIENTED_EDGE ( 'NONE', *, *, #1722, .T. ) ;
#2526 = DIRECTION ( 'NONE',  ( 1.000000000000000000, -0.0000000000000000000, -0.0000000000000000000 ) ) ;
#2527 = CIRCLE ( 'NONE', #34, 0.7850000000000000300 ) ;
#2528 = ADVANCED_FACE ( 'NONE', ( #1544 ), #119, .F. ) ;
#2529 = CARTESIAN_POINT ( 'NONE',  ( 3.974999999999998300, 1.179999999999999000, -3.275492160360300900 ) ) ;
#2530 = ORIENTED_EDGE ( 'NONE', *, *, #3141, .F. ) ;
#2531 = VECTOR ( 'NONE', #2831, 1000.000000000000000 ) ;
#2532 = CARTESIAN_POINT ( 'NONE',  ( -10.20500000000000200, 3.680000000000000200, -4.189999999999997700 ) ) ;
#2533 = EDGE_LOOP ( 'NONE', ( #2960, #3344, #614, #2079 ) ) ;
#2534 = ORIENTED_EDGE ( 'NONE', *, *, #1135, .F. ) ;
#2535 = ORIENTED_EDGE ( 'NONE', *, *, #3173, .F. ) ;
#2536 = VECTOR ( 'NONE', #2196, 1000.000000000000000 ) ;
#2537 = ORIENTED_EDGE ( 'NONE', *, *, #296, .F. ) ;
#2538 = AXIS2_PLACEMENT_3D ( 'NONE', #1606, #1029, #813 ) ;
#2539 = VERTEX_POINT ( 'NONE', #2018 ) ;
#2540 = DIRECTION ( 'NONE',  ( 0.0000000000000000000, 0.0000000000000000000, 1.000000000000000000 ) ) ;
#2541 = CYLINDRICAL_SURFACE ( 'NONE', #563, 0.3499999999999996400 ) ;
#2542 = EDGE_LOOP ( 'NONE', ( #270, #2917, #3313, #3502 ) ) ;
#2543 = ADVANCED_FACE ( 'NONE', ( #1054 ), #3101, .T. ) ;
#2544 = FACE_OUTER_BOUND ( 'NONE', #2279, .T. ) ;
#2545 = EDGE_CURVE ( 'NONE', #2374, #3520, #3016, .T. ) ;
#2546 = DIRECTION ( 'NONE',  ( -0.0000000000000000000, -0.0000000000000000000, -1.000000000000000000 ) ) ;
#2547 = VECTOR ( 'NONE', #1225, 1000.000000000000000 ) ;
#2548 = AXIS2_PLACEMENT_3D ( 'NONE', #2855, #3437, #1997 ) ;
#2549 = LINE ( 'NONE', #489, #860 ) ;
#2550 = CARTESIAN_POINT ( 'NONE',  ( -10.55500000000001000, 8.728703347107833400E-016, 5.230000000000002200 ) ) ;
#2551 = CARTESIAN_POINT ( 'NONE',  ( -10.65500000000000300, -0.1736211735835923600, -0.2650000000000117800 ) ) ;
#2552 = FILL_AREA_STYLE_COLOUR ( '', #896 ) ;
#2553 = ADVANCED_BREP_SHAPE_REPRESENTATION ( 'BK-888', ( #1931, #2420 ), #2843 ) ;
#2554 = FACE_BOUND ( 'NONE', #651, .T. ) ;
#2555 = LINE ( 'NONE', #1461, #1637 ) ;
#2556 = DIRECTION ( 'NONE',  ( 0.7607025316406785800, 0.0000000000000000000, 0.6491006534856227400 ) ) ;
#2557 = CARTESIAN_POINT ( 'NONE',  ( 3.949999999999998800, 3.429999999999999700, 4.580000000000001000 ) ) ;
#2558 = EDGE_CURVE ( 'NONE', #1708, #90, #2090, .T. ) ;
#2559 = ORIENTED_EDGE ( 'NONE', *, *, #879, .T. ) ;
#2560 = DIRECTION ( 'NONE',  ( 0.0000000000000000000, 0.0000000000000000000, 1.000000000000000000 ) ) ;
#2561 = CARTESIAN_POINT ( 'NONE',  ( -10.20500000000000000, 3.330000000000000100, -4.189999999999997700 ) ) ;
#2562 = CARTESIAN_POINT ( 'NONE',  ( 4.336808689942017700E-015, 3.429999999999999700, 12.43904709294233900 ) ) ;
#2563 = VECTOR ( 'NONE', #3534, 1000.000000000000100 ) ;
#2564 = DIRECTION ( 'NONE',  ( 0.0000000000000000000, 0.0000000000000000000, 1.000000000000000000 ) ) ;
#2565 = ORIENTED_EDGE ( 'NONE', *, *, #1237, .T. ) ;
#2566 = VECTOR ( 'NONE', #2945, 1000.000000000000000 ) ;
#2567 = AXIS2_PLACEMENT_3D ( 'NONE', #419, #2049, #142 ) ;
#2568 = CARTESIAN_POINT ( 'NONE',  ( 5.499999999999998200, 0.9299999999999989400, -3.295000000000000800 ) ) ;
#2569 = CARTESIAN_POINT ( 'NONE',  ( 10.55500000000000100, 3.330000000000001400, -4.189999999999997700 ) ) ;
#2570 = ORIENTED_EDGE ( 'NONE', *, *, #1599, .F. ) ;
#2571 = ORIENTED_EDGE ( 'NONE', *, *, #3482, .F. ) ;
#2572 = DIRECTION ( 'NONE',  ( -0.0000000000000000000, 0.0000000000000000000, -1.000000000000000000 ) ) ;
#2573 = ORIENTED_EDGE ( 'NONE', *, *, #509, .F. ) ;
#2574 = DIRECTION ( 'NONE',  ( -1.000000000000000000, -0.0000000000000000000, -0.0000000000000000000 ) ) ;
#2575 = VERTEX_POINT ( 'NONE', #949 ) ;
#2576 = DIRECTION ( 'NONE',  ( 4.448008912761048700E-016, 0.0000000000000000000, 1.000000000000000000 ) ) ;
#2577 = ORIENTED_EDGE ( 'NONE', *, *, #2521, .F. ) ;
#2578 = EDGE_CURVE ( 'NONE', #2839, #1935, #3486, .T. ) ;
#2579 = EDGE_LOOP ( 'NONE', ( #2130, #1433, #1384, #1250 ) ) ;
#2580 = DIRECTION ( 'NONE',  ( 1.841532352416992700E-016, 1.381149264312744600E-016, -1.000000000000000000 ) ) ;
#2581 = ORIENTED_EDGE ( 'NONE', *, *, #1227, .T. ) ;
#2582 = VECTOR ( 'NONE', #2617, 1000.000000000000000 ) ;
#2583 = ORIENTED_EDGE ( 'NONE', *, *, #225, .F. ) ;
#2584 = DIRECTION ( 'NONE',  ( 1.000000000000000000, 0.0000000000000000000, 0.0000000000000000000 ) ) ;
#2585 = PLANE ( 'NONE',  #956 ) ;
#2586 = CIRCLE ( 'NONE', #519, 0.3499999999999996400 ) ;
#2587 = EDGE_CURVE ( 'NONE', #355, #90, #1917, .T. ) ;
#2588 = FACE_OUTER_BOUND ( 'NONE', #688, .T. ) ;
#2589 = PLANE ( 'NONE',  #2983 ) ;
#2590 = FACE_OUTER_BOUND ( 'NONE', #3031, .T. ) ;
#2591 = CARTESIAN_POINT ( 'NONE',  ( 10.72473290051913100, -2.223826481158454700, 0.5199999999999882500 ) ) ;
#2592 = CARTESIAN_POINT ( 'NONE',  ( 1.734723475976807100E-015, 3.679999999999999300, -9.570000000000007400 ) ) ;
#2593 = FACE_OUTER_BOUND ( 'NONE', #919, .T. ) ;
#2594 = DIRECTION ( 'NONE',  ( 4.448008912761053700E-016, -3.784851220313033900E-015, 1.000000000000000000 ) ) ;
#2595 = CARTESIAN_POINT ( 'NONE',  ( 3.974999999999998300, 3.563760189063893200, 3.866160063063140300 ) ) ;
#2596 = ORIENTED_EDGE ( 'NONE', *, *, #1415, .T. ) ;
#2597 = CARTESIAN_POINT ( 'NONE',  ( 7.049999999999998900, 3.429999999999999700, 4.580000000000001000 ) ) ;
#2598 = ORIENTED_EDGE ( 'NONE', *, *, #3281, .T. ) ;
#2599 = DIRECTION ( 'NONE',  ( -0.0000000000000000000, -1.000000000000000000, -0.0000000000000000000 ) ) ;
#2600 = CYLINDRICAL_SURFACE ( 'NONE', #463, 0.3499999999999978700 ) ;
#2601 = DIRECTION ( 'NONE',  ( -0.4932538312540469300, 0.8698854280611925100, 0.0000000000000000000 ) ) ;
#2602 = ORIENTED_EDGE ( 'NONE', *, *, #695, .T. ) ;
#2603 = CARTESIAN_POINT ( 'NONE',  ( -3.900000000000000800, 3.330000000000001400, -9.919999999999999900 ) ) ;
#2604 = VECTOR ( 'NONE', #733, 1000.000000000000000 ) ;
#2605 = CARTESIAN_POINT ( 'NONE',  ( 7.024999999999998600, 1.179999999999999000, -3.218499084290297400 ) ) ;
#2606 = EDGE_CURVE ( 'NONE', #475, #1307, #1177, .T. ) ;
#2607 = VERTEX_POINT ( 'NONE', #2603 ) ;
#2608 = LINE ( 'NONE', #2355, #1519 ) ;
#2609 = CARTESIAN_POINT ( 'NONE',  ( 11.25945989982141900, -1.442361159061087200, 1.304999999999988200 ) ) ;
#2610 = ORIENTED_EDGE ( 'NONE', *, *, #1743, .T. ) ;
#2611 = ORIENTED_EDGE ( 'NONE', *, *, #1599, .T. ) ;
#2612 = CARTESIAN_POINT ( 'NONE',  ( -10.30500000000001200, 1.301042606982606500E-015, -4.189999999999997700 ) ) ;
#2613 = ADVANCED_FACE ( 'NONE', ( #2464 ), #375, .T. ) ;
#2614 = VERTEX_POINT ( 'NONE', #2867 ) ;
#2615 = VERTEX_POINT ( 'NONE', #1185 ) ;
#2616 = DIRECTION ( 'NONE',  ( 5.028183988338599400E-015, 0.0000000000000000000, 1.000000000000000000 ) ) ;
#2617 = DIRECTION ( 'NONE',  ( 0.0000000000000000000, 1.000000000000000000, 0.0000000000000000000 ) ) ;
#2618 = DIRECTION ( 'NONE',  ( 0.4932538312540420400, -0.8698854280611952900, 0.0000000000000000000 ) ) ;
#2619 = VERTEX_POINT ( 'NONE', #3423 ) ;
#2620 = ORIENTED_EDGE ( 'NONE', *, *, #1227, .F. ) ;
#2621 = FACE_OUTER_BOUND ( 'NONE', #1565, .T. ) ;
#2622 = EDGE_LOOP ( 'NONE', ( #525, #330, #2791, #3479 ) ) ;
#2623 = EDGE_CURVE ( 'NONE', #3052, #3418, #1226, .T. ) ;
#2624 = ORIENTED_EDGE ( 'NONE', *, *, #2451, .T. ) ;
#2625 = CARTESIAN_POINT ( 'NONE',  ( 3.974999999999998300, 1.429999999999999900, 4.580000000000001000 ) ) ;
#2626 = LINE ( 'NONE', #2652, #2755 ) ;
#2627 = DIRECTION ( 'NONE',  ( -0.8698854280611952900, -0.4932538312540421000, 0.0000000000000000000 ) ) ;
#2628 = CARTESIAN_POINT ( 'NONE',  ( 3.949999999999998800, 3.429999999999999700, 4.580000000000001000 ) ) ;
#2629 = DIRECTION ( 'NONE',  ( -1.000000000000000000, 0.0000000000000000000, 0.0000000000000000000 ) ) ;
#2630 = FACE_OUTER_BOUND ( 'NONE', #917, .T. ) ;
#2631 = DIRECTION ( 'NONE',  ( -0.8698854280611925100, -0.4932538312540469300, 0.0000000000000000000 ) ) ;
#2632 = DIRECTION ( 'NONE',  ( -0.0000000000000000000, 0.0000000000000000000, -1.000000000000000000 ) ) ;
#2633 = DIRECTION ( 'NONE',  ( 0.0000000000000000000, -0.0000000000000000000, -1.000000000000000000 ) ) ;
#2634 = LINE ( 'NONE', #2203, #1232 ) ;
#2635 = CARTESIAN_POINT ( 'NONE',  ( 4.336808689942017700E-015, 3.680000000000000200, 12.43904709294233900 ) ) ;
#2636 = EDGE_CURVE ( 'NONE', #2615, #1870, #2716, .T. ) ;
#2637 = DIRECTION ( 'NONE',  ( 0.0000000000000000000, 3.491481338843133400E-015, -1.000000000000000000 ) ) ;
#2638 = AXIS2_PLACEMENT_3D ( 'NONE', #2551, #3386, #2823 ) ;
#2639 = VECTOR ( 'NONE', #3512, 1000.000000000000000 ) ;
#2640 = CARTESIAN_POINT ( 'NONE',  ( -10.20500000000000200, 3.429999999999999700, 5.919999999999997300 ) ) ;
#2641 = COLOUR_RGB ( '',0.7921568627450980000, 0.8196078431372548800, 0.9333333333333333500 ) ;
#2642 = PLANE ( 'NONE',  #1799 ) ;
#2643 = DIRECTION ( 'NONE',  ( 1.000000000000000000, 0.0000000000000000000, 0.0000000000000000000 ) ) ;
#2644 = CIRCLE ( 'NONE', #346, 0.09999999999999766000 ) ;
#2645 = DIRECTION ( 'NONE',  ( 0.0000000000000000000, 0.0000000000000000000, 1.000000000000000000 ) ) ;
#2646 = LINE ( 'NONE', #2224, #177 ) ;
#2647 = DIRECTION ( 'NONE',  ( 0.0000000000000000000, 1.000000000000000000, 0.0000000000000000000 ) ) ;
#2648 = AXIS2_PLACEMENT_3D ( 'NONE', #1656, #1971, #2502 ) ;
#2649 = DIRECTION ( 'NONE',  ( 1.000000000000000000, 0.0000000000000000000, 0.0000000000000000000 ) ) ;
#2650 = EDGE_LOOP ( 'NONE', ( #1961, #2534, #892, #2350 ) ) ;
#2651 = LINE ( 'NONE', #20, #2998 ) ;
#2652 = CARTESIAN_POINT ( 'NONE',  ( 10.55500000000001000, 8.728703347107861000E-016, 5.230000000000002200 ) ) ;
#2653 = VERTEX_POINT ( 'NONE', #1762 ) ;
#2654 = EDGE_LOOP ( 'NONE', ( #1353, #2363, #1258, #2701 ) ) ;
#2655 = EDGE_CURVE ( 'NONE', #3165, #804, #1314, .T. ) ;
#2656 = AXIS2_PLACEMENT_3D ( 'NONE', #1882, #1360, #3022 ) ;
#2657 = ORIENTED_EDGE ( 'NONE', *, *, #954, .T. ) ;
#2658 = CARTESIAN_POINT ( 'NONE',  ( 11.25945989982141900, -1.787638840938917000, -0.2650000000000117800 ) ) ;
#2659 = ORIENTED_EDGE ( 'NONE', *, *, #2677, .F. ) ;
#2660 = CARTESIAN_POINT ( 'NONE',  ( 3.974999999999998300, 3.326675723612349400, 3.945475611611680000 ) ) ;
#2661 = AXIS2_PLACEMENT_3D ( 'NONE', #2712, #3556, #2683 ) ;
#2662 = ORIENTED_EDGE ( 'NONE', *, *, #482, .T. ) ;
#2663 = DIRECTION ( 'NONE',  ( -0.8698854280611952900, 0.4932538312540421000, 0.0000000000000000000 ) ) ;
#2664 = LINE ( 'NONE', #36, #1300 ) ;
#2665 = ORIENTED_EDGE ( 'NONE', *, *, #2909, .T. ) ;
#2666 = ORIENTED_EDGE ( 'NONE', *, *, #2476, .T. ) ;
#2667 = CARTESIAN_POINT ( 'NONE',  ( -3.974999999999998300, 0.9480817483678319900, -3.164450392392346200 ) ) ;
#2668 = CARTESIAN_POINT ( 'NONE',  ( -7.050000000000000700, 3.429999999999999700, 0.6061361502748019400 ) ) ;
#2669 = FACE_OUTER_BOUND ( 'NONE', #1090, .T. ) ;
#2670 = ADVANCED_FACE ( 'NONE', ( #2280 ), #2007, .T. ) ;
#2671 = ORIENTED_EDGE ( 'NONE', *, *, #648, .T. ) ;
#2672 = FACE_OUTER_BOUND ( 'NONE', #915, .T. ) ;
#2673 = DIRECTION ( 'NONE',  ( 0.0000000000000000000, 0.0000000000000000000, 1.000000000000000000 ) ) ;
#2674 = CARTESIAN_POINT ( 'NONE',  ( -6.205000000000000100, 3.680000000000000200, 9.919999999999998200 ) ) ;
#2675 = CIRCLE ( 'NONE', #40, 1.524999999999999900 ) ;
#2676 = DIRECTION ( 'NONE',  ( -0.4932538312540469300, -0.8698854280611925100, 0.0000000000000000000 ) ) ;
#2677 = EDGE_CURVE ( 'NONE', #804, #3271, #539, .T. ) ;
#2678 = DIRECTION ( 'NONE',  ( -1.000000000000000000, 3.469446951953610400E-014, 0.0000000000000000000 ) ) ;
#2679 = VECTOR ( 'NONE', #2285, 1000.000000000000000 ) ;
#2680 = CARTESIAN_POINT ( 'NONE',  ( -3.899999999999999000, 3.430000000000000600, -9.919999999999999900 ) ) ;
#2681 = CARTESIAN_POINT ( 'NONE',  ( -7.024999999999998600, 1.279999999999996700, -3.275492160360300900 ) ) ;
#2682 = AXIS2_PLACEMENT_3D ( 'NONE', #1852, #2456, #2471 ) ;
#2683 = DIRECTION ( 'NONE',  ( 0.0000000000000000000, 0.0000000000000000000, 1.000000000000000000 ) ) ;
#2684 = CARTESIAN_POINT ( 'NONE',  ( -6.205000000000000100, 3.429999999999999700, 9.919999999999998200 ) ) ;
#2685 = ADVANCED_FACE ( 'NONE', ( #415 ), #1818, .T. ) ;
#2686 = DIRECTION ( 'NONE',  ( 4.448008912761053700E-016, -3.784851220313033900E-015, 1.000000000000000000 ) ) ;
#2687 = EDGE_LOOP ( 'NONE', ( #3018, #2896, #2966, #3527 ) ) ;
#2688 = CARTESIAN_POINT ( 'NONE',  ( 10.65500000000000300, -0.1736211735835923600, 1.304999999999988200 ) ) ;
#2689 = EDGE_CURVE ( 'NONE', #1301, #2967, #3365, .T. ) ;
#2690 = CIRCLE ( 'NONE', #742, 0.1000000000000011300 ) ;
#2691 = DIRECTION ( 'NONE',  ( 1.000000000000000000, 0.0000000000000000000, 0.0000000000000000000 ) ) ;
#2692 = CARTESIAN_POINT ( 'NONE',  ( 11.25945989982141900, -1.787638840938917000, -0.2650000000000117800 ) ) ;
#2693 = ORIENTED_EDGE ( 'NONE', *, *, #3281, .F. ) ;
#2694 = APPLICATION_CONTEXT ( 'automotive_design' ) ;
#2695 = CIRCLE ( 'NONE', #243, 2.250000000000000400 ) ;
#2696 = CARTESIAN_POINT ( 'NONE',  ( 6.205000000000000100, 3.680000000000000200, 9.919999999999998200 ) ) ;
#2697 = AXIS2_PLACEMENT_3D ( 'NONE', #3260, #1921, #3326 ) ;
#2698 = EDGE_CURVE ( 'NONE', #809, #2968, #3230, .T. ) ;
#2699 = DIRECTION ( 'NONE',  ( -1.000000000000000000, 0.0000000000000000000, 0.0000000000000000000 ) ) ;
#2700 = EDGE_LOOP ( 'NONE', ( #852, #2659, #1653, #734 ) ) ;
#2701 = ORIENTED_EDGE ( 'NONE', *, *, #3109, .F. ) ;
#2702 = CARTESIAN_POINT ( 'NONE',  ( -10.65500000000000300, -0.1736211735835923600, 1.304999999999988200 ) ) ;
#2703 = CARTESIAN_POINT ( 'NONE',  ( 7.049999999999998900, 3.429999999999999700, 4.580000000000001000 ) ) ;
#2704 = DIRECTION ( 'NONE',  ( 0.0000000000000000000, 1.000000000000000000, 0.0000000000000000000 ) ) ;
#2705 = ORIENTED_EDGE ( 'NONE', *, *, #619, .F. ) ;
#2706 = EDGE_CURVE ( 'NONE', #368, #1872, #1716, .T. ) ;
#2707 = ADVANCED_FACE ( 'NONE', ( #974 ), #2642, .T. ) ;
#2708 = ORIENTED_EDGE ( 'NONE', *, *, #1333, .T. ) ;
#2709 = AXIS2_PLACEMENT_3D ( 'NONE', #2902, #2094, #3447 ) ;
#2710 = ORIENTED_EDGE ( 'NONE', *, *, #2857, .T. ) ;
#2711 = ORIENTED_EDGE ( 'NONE', *, *, #225, .T. ) ;
#2712 = CARTESIAN_POINT ( 'NONE',  ( 5.500000000000000000, 3.429999999999999700, -2.420000000000000400 ) ) ;
#2713 = LINE ( 'NONE', #1992, #616 ) ;
#2714 = AXIS2_PLACEMENT_3D ( 'NONE', #511, #1873, #1593 ) ;
#2715 = VERTEX_POINT ( 'NONE', #712 ) ;
#2716 = LINE ( 'NONE', #3113, #328 ) ;
#2717 = EDGE_CURVE ( 'NONE', #1738, #90, #1751, .T. ) ;
#2718 = CARTESIAN_POINT ( 'NONE',  ( -10.55500000000000900, -3.501187250950756200E-015, 1.304999999999988200 ) ) ;
#2719 = VECTOR ( 'NONE', #1550, 1000.000000000000000 ) ;
#2720 = EDGE_CURVE ( 'NONE', #1462, #2346, #2928, .T. ) ;
#2721 = CARTESIAN_POINT ( 'NONE',  ( 11.25945989982141900, -1.787638840938917000, 1.304999999999988200 ) ) ;
#2722 = ADVANCED_FACE ( 'NONE', ( #2544 ), #3314, .T. ) ;
#2723 = CARTESIAN_POINT ( 'NONE',  ( 10.20500000000000700, 3.679999999999997500, 5.230000000000003100 ) ) ;
#2724 = VECTOR ( 'NONE', #3252, 1000.000000000000000 ) ;
#2725 = EDGE_CURVE ( 'NONE', #2126, #2967, #1446, .T. ) ;
#2726 = DIRECTION ( 'NONE',  ( 0.8698854280611960600, -0.4932538312540407100, 0.0000000000000000000 ) ) ;
#2727 = CARTESIAN_POINT ( 'NONE',  ( 6.205000000000000100, 3.429999999999999700, 9.919999999999998200 ) ) ;
#2728 = CIRCLE ( 'NONE', #1464, 0.1000000000000011300 ) ;
#2729 = DIRECTION ( 'NONE',  ( -0.0000000000000000000, -0.0000000000000000000, -1.000000000000000000 ) ) ;
#2730 = AXIS2_PLACEMENT_3D ( 'NONE', #3124, #643, #2892 ) ;
#2731 = ORIENTED_EDGE ( 'NONE', *, *, #1482, .T. ) ;
#2732 = LINE ( 'NONE', #3518, #684 ) ;
#2733 = DIRECTION ( 'NONE',  ( 1.000000000000000000, 0.0000000000000000000, -0.0000000000000000000 ) ) ;
#2734 = LINE ( 'NONE', #1828, #1287 ) ;
#2735 = CARTESIAN_POINT ( 'NONE',  ( -10.65500000000000300, -0.1736211735835923600, 1.304999999999988200 ) ) ;
#2736 = CARTESIAN_POINT ( 'NONE',  ( 11.25945989982141900, -1.787638840938917000, -0.2650000000000117800 ) ) ;
#2737 = EDGE_LOOP ( 'NONE', ( #1045, #3351, #1002, #2315 ) ) ;
#2738 = CIRCLE ( 'NONE', #597, 4.000000000000000000 ) ;
#2739 = VERTEX_POINT ( 'NONE', #3195 ) ;
#2740 = ORIENTED_EDGE ( 'NONE', *, *, #3074, .F. ) ;
#2741 = CARTESIAN_POINT ( 'NONE',  ( -11.04198854280611800, -1.664325383125406600, 1.304999999999988200 ) ) ;
#2742 = ORIENTED_EDGE ( 'NONE', *, *, #2812, .T. ) ;
#2743 = DIRECTION ( 'NONE',  ( 3.469446951953613600E-014, -1.000000000000000000, 0.0000000000000000000 ) ) ;
#2744 = VERTEX_POINT ( 'NONE', #1832 ) ;
#2745 = EDGE_CURVE ( 'NONE', #569, #3059, #2626, .T. ) ;
#2746 = EDGE_LOOP ( 'NONE', ( #1850, #1175, #1348, #739 ) ) ;
#2747 = ORIENTED_EDGE ( 'NONE', *, *, #939, .F. ) ;
#2748 = CARTESIAN_POINT ( 'NONE',  ( 10.72473290051913300, -2.223826481158455600, 0.5199999999999882500 ) ) ;
#2749 = CARTESIAN_POINT ( 'NONE',  ( -10.56801145719388300, -0.2229465567089975500, 1.304999999999988200 ) ) ;
#2750 = CYLINDRICAL_SURFACE ( 'NONE', #930, 0.09999999999999982500 ) ;
#2751 = ORIENTED_EDGE ( 'NONE', *, *, #1036, .F. ) ;
#2752 = AXIS2_PLACEMENT_3D ( 'NONE', #198, #3284, #2990 ) ;
#2753 = ORIENTED_EDGE ( 'NONE', *, *, #1963, .F. ) ;
#2754 = CARTESIAN_POINT ( 'NONE',  ( 3.974999999999998300, 1.185166213819379000, -3.243765940940885400 ) ) ;
#2755 = VECTOR ( 'NONE', #2057, 1000.000000000000000 ) ;
#2756 = EDGE_LOOP ( 'NONE', ( #24, #266, #1223, #1621, #3214 ) ) ;
#2757 = DIRECTION ( 'NONE',  ( 0.0000000000000000000, 0.0000000000000000000, -1.000000000000000000 ) ) ;
#2758 = ADVANCED_FACE ( 'NONE', ( #2669 ), #3484, .T. ) ;
#2759 = LINE ( 'NONE', #5, #2506 ) ;
#2760 = CARTESIAN_POINT ( 'NONE',  ( 10.72473290051913300, -2.223826481158456000, 1.304999999999988200 ) ) ;
#2761 = DIRECTION ( 'NONE',  ( 0.0000000000000000000, 0.0000000000000000000, 1.000000000000000000 ) ) ;
#2762 = LINE ( 'NONE', #1853, #113 ) ;
#2763 = EDGE_CURVE ( 'NONE', #2309, #1989, #451, .T. ) ;
#2764 = CARTESIAN_POINT ( 'NONE',  ( -7.024999999999998600, 0.9299999999999989400, -3.275492160360300900 ) ) ;
#2765 = LINE ( 'NONE', #2102, #2009 ) ;
#2766 = DIRECTION ( 'NONE',  ( 1.841532352416997600E-016, -1.576460772365419200E-045, 1.000000000000000000 ) ) ;
#2767 = CARTESIAN_POINT ( 'NONE',  ( -10.30500000000000300, -0.1736211735835802000, -0.2650000000000117800 ) ) ;
#2768 = AXIS2_PLACEMENT_3D ( 'NONE', #2771, #1932, #2782 ) ;
#2769 = CARTESIAN_POINT ( 'NONE',  ( 10.72473290051913300, -2.223826481158456000, -0.2650000000000117800 ) ) ;
#2770 = EDGE_CURVE ( 'NONE', #844, #2143, #1098, .T. ) ;
#2771 = CARTESIAN_POINT ( 'NONE',  ( -11.25945989982141900, -1.787638840938917000, -0.2650000000000117800 ) ) ;
#2772 = ORIENTED_EDGE ( 'NONE', *, *, #1849, .T. ) ;
#2773 = AXIS2_PLACEMENT_3D ( 'NONE', #1811, #2031, #388 ) ;
#2774 = ORIENTED_EDGE ( 'NONE', *, *, #2717, .T. ) ;
#2775 = CARTESIAN_POINT ( 'NONE',  ( 10.35054010017858600, -0.3462600145225094800, 1.304999999999988200 ) ) ;
#2776 = LINE ( 'NONE', #1104, #2950 ) ;
#2777 = CARTESIAN_POINT ( 'NONE',  ( 7.049999999999998900, 3.429999999999999700, 4.580000000000001000 ) ) ;
#2778 = LINE ( 'NONE', #1008, #2566 ) ;
#2779 = PLANE ( 'NONE',  #3419 ) ;
#2780 = ORIENTED_EDGE ( 'NONE', *, *, #2308, .F. ) ;
#2781 = FACE_OUTER_BOUND ( 'NONE', #154, .T. ) ;
#2782 = DIRECTION ( 'NONE',  ( -1.000000000000000000, 0.0000000000000000000, 0.0000000000000000000 ) ) ;
#2783 = DIRECTION ( 'NONE',  ( -1.000000000000000000, 0.0000000000000000000, 0.0000000000000000000 ) ) ;
#2784 = ORIENTED_EDGE ( 'NONE', *, *, #237, .T. ) ;
#2785 = EDGE_LOOP ( 'NONE', ( #2665, #1392, #905, #363 ) ) ;
#2786 = AXIS2_PLACEMENT_3D ( 'NONE', #785, #2978, #2454 ) ;
#2787 = ORIENTED_EDGE ( 'NONE', *, *, #3441, .T. ) ;
#2788 = DIRECTION ( 'NONE',  ( -0.0000000000000000000, 0.0000000000000000000, -1.000000000000000000 ) ) ;
#2789 = ORIENTED_EDGE ( 'NONE', *, *, #1482, .F. ) ;
#2790 = DIRECTION ( 'NONE',  ( 1.577021341797097600E-016, -1.000000000000000000, -3.784851220313033900E-015 ) ) ;
#2791 = ORIENTED_EDGE ( 'NONE', *, *, #1458, .T. ) ;
#2792 = EDGE_CURVE ( 'NONE', #1738, #2916, #290, .T. ) ;
#2793 = ORIENTED_EDGE ( 'NONE', *, *, #1322, .F. ) ;
#2794 = AXIS2_PLACEMENT_3D ( 'NONE', #702, #404, #2645 ) ;
#2795 = DIRECTION ( 'NONE',  ( 1.000000000000000000, -0.0000000000000000000, -0.0000000000000000000 ) ) ;
#2796 = EDGE_LOOP ( 'NONE', ( #1704, #1905, #369, #640, #847, #2075 ) ) ;
#2797 = VECTOR ( 'NONE', #1506, 1000.000000000000000 ) ;
#2798 = AXIS2_PLACEMENT_3D ( 'NONE', #361, #2318, #2846 ) ;
#2799 = CARTESIAN_POINT ( 'NONE',  ( -7.024999999999998600, 0.9299999999999989400, -3.218499084290297400 ) ) ;
#2800 = DIRECTION ( 'NONE',  ( 1.000000000000000000, 0.0000000000000000000, 0.0000000000000000000 ) ) ;
#2801 = CIRCLE ( 'NONE', #1945, 0.1000000000000011300 ) ;
#2802 = PLANE ( 'NONE',  #1975 ) ;
#2803 = FACE_OUTER_BOUND ( 'NONE', #3006, .T. ) ;
#2804 = CARTESIAN_POINT ( 'NONE',  ( 10.55500000000000300, -0.1736211735835888900, -0.2650000000000117800 ) ) ;
#2805 = CARTESIAN_POINT ( 'NONE',  ( -10.95500000000000000, -1.615000000000003500, 1.304999999999988200 ) ) ;
#2806 = EDGE_CURVE ( 'NONE', #2607, #3317, #503, .T. ) ;
#2807 = LINE ( 'NONE', #3108, #3413 ) ;
#2808 = DIRECTION ( 'NONE',  ( -1.000000000000000000, 0.0000000000000000000, 0.0000000000000000000 ) ) ;
#2809 = FACE_OUTER_BOUND ( 'NONE', #97, .T. ) ;
#2810 = AXIS2_PLACEMENT_3D ( 'NONE', #594, #3448, #877 ) ;
#2811 = VERTEX_POINT ( 'NONE', #443 ) ;
#2812 = EDGE_CURVE ( 'NONE', #1391, #3426, #1878, .T. ) ;
#2813 = DIRECTION ( 'NONE',  ( -1.000000000000000000, 1.577021341797080800E-016, 4.448008912761048700E-016 ) ) ;
#2814 = DIRECTION ( 'NONE',  ( -1.000000000000000000, 0.0000000000000000000, 0.0000000000000000000 ) ) ;
#2815 = ORIENTED_EDGE ( 'NONE', *, *, #29, .F. ) ;
#2816 = FACE_OUTER_BOUND ( 'NONE', #1351, .T. ) ;
#2817 = EDGE_CURVE ( 'NONE', #2077, #804, #583, .T. ) ;
#2818 = DIRECTION ( 'NONE',  ( 0.0000000000000000000, -1.000000000000000000, 0.0000000000000000000 ) ) ;
#2819 = AXIS2_PLACEMENT_3D ( 'NONE', #3241, #465, #746 ) ;
#2820 = EDGE_LOOP ( 'NONE', ( #46, #2225, #1572, #948 ) ) ;
#2821 = FACE_OUTER_BOUND ( 'NONE', #1218, .T. ) ;
#2822 = EDGE_LOOP ( 'NONE', ( #528, #3430, #2000, #2043, #1642 ) ) ;
#2823 = DIRECTION ( 'NONE',  ( -1.000000000000000000, 0.0000000000000000000, 0.0000000000000000000 ) ) ;
#2824 = VECTOR ( 'NONE', #2342, 1000.000000000000000 ) ;
#2825 = VERTEX_POINT ( 'NONE', #2139 ) ;
#2826 = VERTEX_POINT ( 'NONE', #2176 ) ;
#2827 = ORIENTED_EDGE ( 'NONE', *, *, #78, .T. ) ;
#2828 = CARTESIAN_POINT ( 'NONE',  ( -10.20500000000000000, 3.330000000000000100, 5.230000000000003100 ) ) ;
#2829 = EDGE_LOOP ( 'NONE', ( #3311, #3135, #1786, #407 ) ) ;
#2830 = ORIENTED_EDGE ( 'NONE', *, *, #1342, .F. ) ;
#2831 = DIRECTION ( 'NONE',  ( 4.448008912761037900E-016, 6.982962677686266700E-015, -1.000000000000000000 ) ) ;
#2832 = DIRECTION ( 'NONE',  ( 0.0000000000000000000, 0.0000000000000000000, -1.000000000000000000 ) ) ;
#2833 = VECTOR ( 'NONE', #3456, 1000.000000000000000 ) ;
#2834 = PLANE ( 'NONE',  #1070 ) ;
#2835 = EDGE_LOOP ( 'NONE', ( #2525, #2127, #2142, #1659 ) ) ;
#2836 = VERTEX_POINT ( 'NONE', #2703 ) ;
#2837 = FACE_OUTER_BOUND ( 'NONE', #1820, .T. ) ;
#2838 = EDGE_CURVE ( 'NONE', #1537, #1870, #1539, .T. ) ;
#2839 = VERTEX_POINT ( 'NONE', #3522 ) ;
#2840 = LINE ( 'NONE', #1672, #31 ) ;
#2841 = DIRECTION ( 'NONE',  ( 0.8698854280611952900, 0.4932538312540421000, -0.0000000000000000000 ) ) ;
#2842 = CARTESIAN_POINT ( 'NONE',  ( 3.974999999999998300, 0.9299999999999989400, -3.275492160360300900 ) ) ;
#2843 =( GEOMETRIC_REPRESENTATION_CONTEXT ( 3 ) GLOBAL_UNCERTAINTY_ASSIGNED_CONTEXT ( ( #1520 ) ) GLOBAL_UNIT_ASSIGNED_CONTEXT ( ( #1281, #3240, #477 ) ) REPRESENTATION_CONTEXT ( 'NONE', 'WORKASPACE' ) );
#2844 = FACE_OUTER_BOUND ( 'NONE', #926, .T. ) ;
#2845 = CARTESIAN_POINT ( 'NONE',  ( 10.33752864298470400, -0.3233134578135152800, 1.304999999999988200 ) ) ;
#2846 = DIRECTION ( 'NONE',  ( -0.4932538312540420400, 0.8698854280611952900, 0.0000000000000000000 ) ) ;
#2847 = CARTESIAN_POINT ( 'NONE',  ( 11.25945989982141900, -1.442361159061087200, 1.304999999999988200 ) ) ;
#2848 = CARTESIAN_POINT ( 'NONE',  ( 7.024999999999998600, 1.185166213819379000, -3.295000000000000800 ) ) ;
#2849 = LINE ( 'NONE', #2324, #2340 ) ;
#2850 = LINE ( 'NONE', #245, #1888 ) ;
#2851 = CARTESIAN_POINT ( 'NONE',  ( 10.30500000000001200, 7.223410652355686800E-016, 1.897699089165713100E-015 ) ) ;
#2852 = CARTESIAN_POINT ( 'NONE',  ( 11.04198854280611800, -1.565674616874598700, 1.304999999999988200 ) ) ;
#2853 = AXIS2_PLACEMENT_3D ( 'NONE', #2249, #2540, #1976 ) ;
#2854 = ORIENTED_EDGE ( 'NONE', *, *, #2606, .T. ) ;
#2855 = CARTESIAN_POINT ( 'NONE',  ( 3.974999999999998300, 1.179999999999999000, -3.275492160360300900 ) ) ;
#2856 = DIRECTION ( 'NONE',  ( -0.0000000000000000000, -1.000000000000000000, -0.0000000000000000000 ) ) ;
#2857 = EDGE_CURVE ( 'NONE', #3046, #2455, #3279, .T. ) ;
#2858 = ORIENTED_EDGE ( 'NONE', *, *, #3074, .T. ) ;
#2859 = VECTOR ( 'NONE', #2818, 1000.000000000000000 ) ;
#2860 = DIRECTION ( 'NONE',  ( 0.4932538312540469300, -0.8698854280611925100, 0.0000000000000000000 ) ) ;
#2861 = VECTOR ( 'NONE', #210, 1000.000000000000000 ) ;
#2862 = DIRECTION ( 'NONE',  ( 0.0000000000000000000, 1.000000000000000000, 0.0000000000000000000 ) ) ;
#2863 = ADVANCED_FACE ( 'NONE', ( #2045 ), #786, .T. ) ;
#2864 = ORIENTED_EDGE ( 'NONE', *, *, #219, .T. ) ;
#2865 = CYLINDRICAL_SURFACE ( 'NONE', #1554, 0.7849999999999997000 ) ;
#2866 = CARTESIAN_POINT ( 'NONE',  ( -10.55500000000001200, 2.173912941693388700E-015, -4.189999999999997700 ) ) ;
#2867 = CARTESIAN_POINT ( 'NONE',  ( -10.30500000000001000, -2.754298361189117000E-018, 5.230000000000002200 ) ) ;
#2868 = ORIENTED_EDGE ( 'NONE', *, *, #527, .F. ) ;
#2869 = CARTESIAN_POINT ( 'NONE',  ( -4.301224618639944700E-015, 3.754572410550535100E-014, -9.670000000000014100 ) ) ;
#2870 = ORIENTED_EDGE ( 'NONE', *, *, #1293, .F. ) ;
#2871 = DIRECTION ( 'NONE',  ( 0.0000000000000000000, -0.9483378618061749600, 0.3172621941941593000 ) ) ;
#2872 = ORIENTED_EDGE ( 'NONE', *, *, #637, .F. ) ;
#2873 = EDGE_CURVE ( 'NONE', #1165, #1432, #3185, .T. ) ;
#2874 = VERTEX_POINT ( 'NONE', #1308 ) ;
#2875 = DIRECTION ( 'NONE',  ( 2.182665966395359800E-016, 0.0000000000000000000, 1.000000000000000000 ) ) ;
#2876 = ORIENTED_EDGE ( 'NONE', *, *, #12, .T. ) ;
#2877 = VECTOR ( 'NONE', #2647, 1000.000000000000000 ) ;
#2878 = EDGE_CURVE ( 'NONE', #538, #2272, #714, .T. ) ;
#2879 = ORIENTED_EDGE ( 'NONE', *, *, #1914, .T. ) ;
#2880 = DIRECTION ( 'NONE',  ( 1.577021341797097600E-016, -1.000000000000000000, -3.784851220313033900E-015 ) ) ;
#2881 = CARTESIAN_POINT ( 'NONE',  ( 10.30500000000000300, -0.1736211735835802000, 1.304999999999988200 ) ) ;
#2882 = VECTOR ( 'NONE', #469, 1000.000000000000000 ) ;
#2883 = ADVANCED_FACE ( 'NONE', ( #1142 ), #2121, .T. ) ;
#2884 = EDGE_CURVE ( 'NONE', #2077, #694, #890, .T. ) ;
#2885 = FACE_OUTER_BOUND ( 'NONE', #3444, .T. ) ;
#2886 = DIRECTION ( 'NONE',  ( -1.000000000000000000, 0.0000000000000000000, 0.0000000000000000000 ) ) ;
#2887 = LINE ( 'NONE', #2233, #1411 ) ;
#2888 = DIRECTION ( 'NONE',  ( 1.000000000000000000, 0.0000000000000000000, 0.0000000000000000000 ) ) ;
#2889 = PRODUCT_RELATED_PRODUCT_CATEGORY ( 'part', '', ( #998 ) ) ;
#2890 = DIRECTION ( 'NONE',  ( 0.0000000000000000000, 0.9483378618061765200, -0.3172621941941539700 ) ) ;
#2891 = LINE ( 'NONE', #812, #1065 ) ;
#2892 = DIRECTION ( 'NONE',  ( 0.0000000000000000000, 0.3172621941941601900, 0.9483378618061745200 ) ) ;
#2893 = CARTESIAN_POINT ( 'NONE',  ( -11.05500000000000000, -1.615000000000003500, 1.304999999999988200 ) ) ;
#2894 = EDGE_CURVE ( 'NONE', #453, #2003, #807, .T. ) ;
#2895 = CARTESIAN_POINT ( 'NONE',  ( -10.55500000000000900, -3.501187250950756200E-015, 1.304999999999988200 ) ) ;
#2896 = ORIENTED_EDGE ( 'NONE', *, *, #997, .T. ) ;
#2897 = DIRECTION ( 'NONE',  ( -1.137523590804463700E-015, 0.0000000000000000000, 1.000000000000000000 ) ) ;
#2898 = CARTESIAN_POINT ( 'NONE',  ( -10.95500000000000000, -1.615000000000003500, 1.304999999999988200 ) ) ;
#2899 = AXIS2_PLACEMENT_3D ( 'NONE', #1505, #2631, #2601 ) ;
#2900 = ADVANCED_FACE ( 'NONE', ( #2837 ), #3275, .F. ) ;
#2901 = ORIENTED_EDGE ( 'NONE', *, *, #496, .T. ) ;
#2902 = CARTESIAN_POINT ( 'NONE',  ( -10.55500000000000100, -0.2000000000000035400, 1.304999999999988200 ) ) ;
#2903 = DIRECTION ( 'NONE',  ( -1.841532352416992700E-016, 1.381149264312744600E-016, -1.000000000000000000 ) ) ;
#2904 = VECTOR ( 'NONE', #1073, 1000.000000000000000 ) ;
#2905 = DIRECTION ( 'NONE',  ( 0.0000000000000000000, -0.0000000000000000000, -1.000000000000000000 ) ) ;
#2906 = DIRECTION ( 'NONE',  ( 1.000000000000000000, 0.0000000000000000000, 0.0000000000000000000 ) ) ;
#2907 = FACE_OUTER_BOUND ( 'NONE', #971, .T. ) ;
#2908 = PLANE ( 'NONE',  #1634 ) ;
#2909 = EDGE_CURVE ( 'NONE', #2346, #1074, #3577, .T. ) ;
#2910 = AXIS2_PLACEMENT_3D ( 'NONE', #2278, #609, #2005 ) ;
#2911 = LINE ( 'NONE', #947, #745 ) ;
#2912 = ORIENTED_EDGE ( 'NONE', *, *, #2499, .T. ) ;
#2913 = DIRECTION ( 'NONE',  ( 0.0000000000000000000, 1.000000000000000000, 0.0000000000000000000 ) ) ;
#2914 = ORIENTED_EDGE ( 'NONE', *, *, #3264, .T. ) ;
#2915 = AXIS2_PLACEMENT_3D ( 'NONE', #2805, #2277, #869 ) ;
#2916 = VERTEX_POINT ( 'NONE', #3539 ) ;
#2917 = ORIENTED_EDGE ( 'NONE', *, *, #553, .F. ) ;
#2918 = DIRECTION ( 'NONE',  ( 1.000000000000000000, 0.0000000000000000000, 0.0000000000000000000 ) ) ;
#2919 = DIRECTION ( 'NONE',  ( 0.0000000000000000000, -1.239088197126292100E-014, -1.000000000000000000 ) ) ;
#2920 = ADVANCED_FACE ( 'NONE', ( #3531 ), #2541, .T. ) ;
#2921 = VERTEX_POINT ( 'NONE', #2727 ) ;
#2922 = VECTOR ( 'NONE', #2862, 1000.000000000000000 ) ;
#2923 = DIRECTION ( 'NONE',  ( 1.112002228190246900E-016, -1.000000000000000000, -3.491481338843133400E-015 ) ) ;
#2924 = VERTEX_POINT ( 'NONE', #752 ) ;
#2925 = EDGE_CURVE ( 'NONE', #3340, #1867, #2042, .T. ) ;
#2926 = ORIENTED_EDGE ( 'NONE', *, *, #139, .T. ) ;
#2927 = CARTESIAN_POINT ( 'NONE',  ( -3.974999999999998300, 1.179999999999999000, -3.218499084290297400 ) ) ;
#2928 = CIRCLE ( 'NONE', #19, 0.3499999999999978700 ) ;
#2929 = DIRECTION ( 'NONE',  ( 0.0000000000000000000, 1.000000000000000000, 0.0000000000000000000 ) ) ;
#2930 = DIRECTION ( 'NONE',  ( 0.0000000000000000000, 0.0000000000000000000, 1.000000000000000000 ) ) ;
#2931 = VERTEX_POINT ( 'NONE', #1021 ) ;
#2932 = LINE ( 'NONE', #3304, #1358 ) ;
#2933 = EDGE_CURVE ( 'NONE', #1056, #2739, #1624, .T. ) ;
#2934 = CARTESIAN_POINT ( 'NONE',  ( -10.35054010017858600, -0.3462600145225094800, 1.304999999999988200 ) ) ;
#2935 = CARTESIAN_POINT ( 'NONE',  ( 10.95500000000000000, -1.615000000000003500, 1.304999999999988200 ) ) ;
#2936 = CIRCLE ( 'NONE', #1795, 2.250000000000000400 ) ;
#2937 = CARTESIAN_POINT ( 'NONE',  ( 3.900000000000000800, 3.329999999999999600, -9.570000000000000300 ) ) ;
#2938 = AXIS2_PLACEMENT_3D ( 'NONE', #632, #657, #2584 ) ;
#2939 = VECTOR ( 'NONE', #180, 1000.000000000000000 ) ;
#2940 = DIRECTION ( 'NONE',  ( 0.0000000000000000000, 0.9483378618061765200, -0.3172621941941539700 ) ) ;
#2941 = ADVANCED_FACE ( 'NONE', ( #1051 ), #3039, .T. ) ;
#2942 = DIRECTION ( 'NONE',  ( -1.000000000000000000, 0.0000000000000000000, 0.0000000000000000000 ) ) ;
#2943 = FACE_OUTER_BOUND ( 'NONE', #2542, .T. ) ;
#2944 = PRESENTATION_STYLE_ASSIGNMENT (( #2418 ) ) ;
#2945 = DIRECTION ( 'NONE',  ( -0.0000000000000000000, -0.0000000000000000000, -1.000000000000000000 ) ) ;
#2946 = CARTESIAN_POINT ( 'NONE',  ( 5.499999999999998200, 0.9299999999999989400, -3.295000000000000800 ) ) ;
#2947 = PLANE ( 'NONE',  #174 ) ;
#2948 = CARTESIAN_POINT ( 'NONE',  ( 3.949999999999998800, 3.429999999999999700, 4.580000000000001000 ) ) ;
#2949 = ORIENTED_EDGE ( 'NONE', *, *, #837, .T. ) ;
#2950 = VECTOR ( 'NONE', #2795, 1000.000000000000000 ) ;
#2951 = AXIS2_PLACEMENT_3D ( 'NONE', #962, #721, #2930 ) ;
#2952 = ORIENTED_EDGE ( 'NONE', *, *, #2770, .F. ) ;
#2953 = FACE_OUTER_BOUND ( 'NONE', #364, .T. ) ;
#2954 = CARTESIAN_POINT ( 'NONE',  ( -3.974999999999998300, 1.429999999999999900, 4.580000000000001000 ) ) ;
#2955 = DIRECTION ( 'NONE',  ( -1.577021341797097600E-016, -1.000000000000000000, -3.784851220313033900E-015 ) ) ;
#2956 = EDGE_LOOP ( 'NONE', ( #661, #3234, #2248, #402 ) ) ;
#2957 = VECTOR ( 'NONE', #360, 1000.000000000000000 ) ;
#2958 = EDGE_CURVE ( 'NONE', #3308, #825, #3013, .T. ) ;
#2959 = ADVANCED_FACE ( 'NONE', ( #323 ), #2750, .F. ) ;
#2960 = ORIENTED_EDGE ( 'NONE', *, *, #1702, .T. ) ;
#2961 = CARTESIAN_POINT ( 'NONE',  ( -3.974999999999998300, 0.9299999999999989400, -3.275492160360300900 ) ) ;
#2962 = ORIENTED_EDGE ( 'NONE', *, *, #605, .T. ) ;
#2963 = DIRECTION ( 'NONE',  ( 0.0000000000000000000, 0.0000000000000000000, 1.000000000000000000 ) ) ;
#2964 = ORIENTED_EDGE ( 'NONE', *, *, #153, .T. ) ;
#2965 = DIRECTION ( 'NONE',  ( 0.0000000000000000000, 1.000000000000000000, 0.0000000000000000000 ) ) ;
#2966 = ORIENTED_EDGE ( 'NONE', *, *, #1342, .T. ) ;
#2967 = VERTEX_POINT ( 'NONE', #16 ) ;
#2968 = VERTEX_POINT ( 'NONE', #3354 ) ;
#2969 = EDGE_CURVE ( 'NONE', #3160, #2044, #1441, .T. ) ;
#2970 = LINE ( 'NONE', #3335, #2140 ) ;
#2971 = ORIENTED_EDGE ( 'NONE', *, *, #1868, .F. ) ;
#2972 = DIRECTION ( 'NONE',  ( 0.4932538312540469300, 0.8698854280611925100, 0.0000000000000000000 ) ) ;
#2973 = LINE ( 'NONE', #1385, #2422 ) ;
#2974 = APPLICATION_PROTOCOL_DEFINITION ( 'draft international standard', 'automotive_design', 1998, #2694 ) ;
#2975 = ADVANCED_FACE ( 'NONE', ( #1400 ), #1706, .T. ) ;
#2976 = DIRECTION ( 'NONE',  ( 0.0000000000000000000, -6.195440985631453300E-016, 1.000000000000000000 ) ) ;
#2977 = EDGE_CURVE ( 'NONE', #2811, #2575, #3098, .T. ) ;
#2978 = DIRECTION ( 'NONE',  ( -0.0000000000000000000, -1.000000000000000000, -0.0000000000000000000 ) ) ;
#2979 = LINE ( 'NONE', #277, #507 ) ;
#2980 = DIRECTION ( 'NONE',  ( 1.000000000000000000, 3.540251991789402300E-015, 1.841532352416992700E-016 ) ) ;
#2981 = DIRECTION ( 'NONE',  ( -5.028183988338599400E-015, 0.0000000000000000000, 1.000000000000000000 ) ) ;
#2982 = VECTOR ( 'NONE', #895, 1000.000000000000000 ) ;
#2983 = AXIS2_PLACEMENT_3D ( 'NONE', #1749, #1192, #92 ) ;
#2984 = DIRECTION ( 'NONE',  ( 0.0000000000000000000, 0.0000000000000000000, 1.000000000000000000 ) ) ;
#2985 = CARTESIAN_POINT ( 'NONE',  ( -10.56801145719388300, -0.2229465567089975500, 1.304999999999988200 ) ) ;
#2986 = ORIENTED_EDGE ( 'NONE', *, *, #3523, .T. ) ;
#2987 = CARTESIAN_POINT ( 'NONE',  ( 7.024999999999998600, 0.9480817483678319900, -3.164450392392346200 ) ) ;
#2988 = DIRECTION ( 'NONE',  ( 0.0000000000000000000, 1.000000000000000000, 0.0000000000000000000 ) ) ;
#2989 = ORIENTED_EDGE ( 'NONE', *, *, #2623, .F. ) ;
#2990 = DIRECTION ( 'NONE',  ( 3.540251991789402300E-015, 1.000000000000000000, 0.0000000000000000000 ) ) ;
#2991 = PLANE ( 'NONE',  #1460 ) ;
#2992 = ADVANCED_FACE ( 'NONE', ( #1350 ), #3179, .T. ) ;
#2993 = EDGE_CURVE ( 'NONE', #1794, #284, #1712, .T. ) ;
#2994 = ORIENTED_EDGE ( 'NONE', *, *, #1043, .T. ) ;
#2995 = FACE_OUTER_BOUND ( 'NONE', #598, .T. ) ;
#2996 = ORIENTED_EDGE ( 'NONE', *, *, #3256, .F. ) ;
#2997 = DIRECTION ( 'NONE',  ( -3.469446951953613600E-014, -1.000000000000000000, 0.0000000000000000000 ) ) ;
#2998 = VECTOR ( 'NONE', #1121, 1000.000000000000000 ) ;
#2999 = CARTESIAN_POINT ( 'NONE',  ( -10.55500000000001200, 3.824023010804796800E-014, 1.943737397976143000E-015 ) ) ;
#3000 = EDGE_CURVE ( 'NONE', #56, #1120, #3361, .T. ) ;
#3001 = CARTESIAN_POINT ( 'NONE',  ( -11.04198854280611800, -1.565674616874598700, -0.2650000000000117800 ) ) ;
#3002 = ORIENTED_EDGE ( 'NONE', *, *, #2925, .T. ) ;
#3003 = ORIENTED_EDGE ( 'NONE', *, *, #3553, .T. ) ;
#3004 = CARTESIAN_POINT ( 'NONE',  ( -6.205000000000000100, 3.680000000000000200, 5.919999999999998200 ) ) ;
#3005 = DIRECTION ( 'NONE',  ( 0.0000000000000000000, 0.0000000000000000000, -1.000000000000000000 ) ) ;
#3006 = EDGE_LOOP ( 'NONE', ( #350, #2611, #1205, #568 ) ) ;
#3007 = EDGE_CURVE ( 'NONE', #90, #2715, #2713, .T. ) ;
#3008 = ORIENTED_EDGE ( 'NONE', *, *, #1792, .T. ) ;
#3009 = AXIS2_PLACEMENT_3D ( 'NONE', #32, #1412, #1711 ) ;
#3010 = LINE ( 'NONE', #3047, #3051 ) ;
#3011 = ORIENTED_EDGE ( 'NONE', *, *, #153, .F. ) ;
#3012 = ORIENTED_EDGE ( 'NONE', *, *, #2516, .F. ) ;
#3013 = CIRCLE ( 'NONE', #758, 0.3500000000000013700 ) ;
#3014 = ADVANCED_FACE ( 'NONE', ( #1796 ), #1735, .F. ) ;
#3015 = ORIENTED_EDGE ( 'NONE', *, *, #1276, .F. ) ;
#3016 = LINE ( 'NONE', #1729, #2582 ) ;
#3017 = PLANE ( 'NONE',  #532 ) ;
#3018 = ORIENTED_EDGE ( 'NONE', *, *, #879, .F. ) ;
#3019 = PLANE ( 'NONE',  #1200 ) ;
#3020 = VECTOR ( 'NONE', #179, 1000.000000000000000 ) ;
#3021 = CARTESIAN_POINT ( 'NONE',  ( -10.55500000000000100, -0.2000000000000035400, -0.2650000000000117800 ) ) ;
#3022 = DIRECTION ( 'NONE',  ( -2.182665966395359800E-016, 0.0000000000000000000, 1.000000000000000000 ) ) ;
#3023 = AXIS2_PLACEMENT_3D ( 'NONE', #2405, #707, #1848 ) ;
#3024 = FACE_OUTER_BOUND ( 'NONE', #304, .T. ) ;
#3025 = DIRECTION ( 'NONE',  ( 0.0000000000000000000, 0.0000000000000000000, 1.000000000000000000 ) ) ;
#3026 = EDGE_CURVE ( 'NONE', #3580, #244, #3480, .T. ) ;
#3027 = DIRECTION ( 'NONE',  ( 0.0000000000000000000, 0.0000000000000000000, 1.000000000000000000 ) ) ;
#3028 = AXIS2_PLACEMENT_3D ( 'NONE', #3212, #2923, #2637 ) ;
#3029 = CARTESIAN_POINT ( 'NONE',  ( -3.974999999999998300, 1.279999999999996700, -3.275492160360300900 ) ) ;
#3030 = DIRECTION ( 'NONE',  ( -1.000000000000000000, 0.0000000000000000000, 0.0000000000000000000 ) ) ;
#3031 = EDGE_LOOP ( 'NONE', ( #2066, #3552, #2450, #287 ) ) ;
#3032 = ADVANCED_FACE ( 'NONE', ( #2458 ), #357, .T. ) ;
#3033 = DIRECTION ( 'NONE',  ( 0.0000000000000000000, 0.0000000000000000000, 1.000000000000000000 ) ) ;
#3034 = CARTESIAN_POINT ( 'NONE',  ( -3.899999999999999500, 0.6800000000000009400, -9.920000000000010600 ) ) ;
#3035 = CARTESIAN_POINT ( 'NONE',  ( 10.20500000000000000, 3.330000000000000100, 5.230000000000003100 ) ) ;
#3036 = ORIENTED_EDGE ( 'NONE', *, *, #237, .F. ) ;
#3037 = CIRCLE ( 'NONE', #2810, 5.000000000000000900 ) ;
#3038 = PLANE ( 'NONE',  #2252 ) ;
#3039 = PLANE ( 'NONE',  #2436 ) ;
#3040 = VERTEX_POINT ( 'NONE', #2061 ) ;
#3041 = CIRCLE ( 'NONE', #2648, 1.524999999999999900 ) ;
#3042 = AXIS2_PLACEMENT_3D ( 'NONE', #336, #2560, #897 ) ;
#3043 = VERTEX_POINT ( 'NONE', #3176 ) ;
#3044 = EDGE_LOOP ( 'NONE', ( #2864, #2671, #2710, #1389, #2772 ) ) ;
#3045 = CARTESIAN_POINT ( 'NONE',  ( -10.20500000000000200, 3.680000000000000200, 5.919999999999997300 ) ) ;
#3046 = VERTEX_POINT ( 'NONE', #3132 ) ;
#3047 = CARTESIAN_POINT ( 'NONE',  ( 10.55500000000000900, -3.501187250950756200E-015, -0.2650000000000117800 ) ) ;
#3048 = EDGE_LOOP ( 'NONE', ( #3128, #327, #2711, #1695 ) ) ;
#3049 = EDGE_CURVE ( 'NONE', #941, #1537, #3060, .T. ) ;
#3050 = AXIS2_PLACEMENT_3D ( 'NONE', #2330, #2629, #324 ) ;
#3051 = VECTOR ( 'NONE', #2517, 1000.000000000000000 ) ;
#3052 = VERTEX_POINT ( 'NONE', #2612 ) ;
#3053 = ORIENTED_EDGE ( 'NONE', *, *, #2060, .T. ) ;
#3054 = DIRECTION ( 'NONE',  ( -1.000000000000000000, -0.0000000000000000000, -0.0000000000000000000 ) ) ;
#3055 = CARTESIAN_POINT ( 'NONE',  ( 11.04198854280611800, -1.565674616874598700, -0.2650000000000117800 ) ) ;
#3056 = CARTESIAN_POINT ( 'NONE',  ( -10.35054010017858600, -0.3462600145225094800, 1.304999999999988200 ) ) ;
#3057 = VECTOR ( 'NONE', #2256, 1000.000000000000000 ) ;
#3058 = VERTEX_POINT ( 'NONE', #2351 ) ;
#3059 = VERTEX_POINT ( 'NONE', #1490 ) ;
#3060 = LINE ( 'NONE', #1800, #2085 ) ;
#3061 = CARTESIAN_POINT ( 'NONE',  ( -7.024999999999998600, 0.9299999999999989400, -3.275492160360300900 ) ) ;
#3062 = VERTEX_POINT ( 'NONE', #1515 ) ;
#3063 = CARTESIAN_POINT ( 'NONE',  ( -11.04198854280611800, -1.664325383125406600, 1.304999999999988200 ) ) ;
#3064 = VECTOR ( 'NONE', #1144, 1000.000000000000100 ) ;
#3065 = DIRECTION ( 'NONE',  ( 0.8698854280611919600, 0.4932538312540479800, 0.0000000000000000000 ) ) ;
#3066 = DIRECTION ( 'NONE',  ( -0.0000000000000000000, -0.0000000000000000000, 1.000000000000000000 ) ) ;
#3067 = LINE ( 'NONE', #2605, #2547 ) ;
#3068 = EDGE_CURVE ( 'NONE', #968, #3058, #2419, .T. ) ;
#3069 = VECTOR ( 'NONE', #1686, 1000.000000000000000 ) ;
#3070 = DIRECTION ( 'NONE',  ( 2.182665966395359800E-016, 0.0000000000000000000, 1.000000000000000000 ) ) ;
#3071 = EDGE_CURVE ( 'NONE', #3393, #2268, #708, .T. ) ;
#3072 = CIRCLE ( 'NONE', #1723, 5.000000000000000900 ) ;
#3073 = CARTESIAN_POINT ( 'NONE',  ( 10.65500000000000300, -0.1736211735835923600, 1.304999999999988200 ) ) ;
#3074 = EDGE_CURVE ( 'NONE', #1307, #1440, #1620, .T. ) ;
#3075 = ORIENTED_EDGE ( 'NONE', *, *, #2745, .T. ) ;
#3076 = ORIENTED_EDGE ( 'NONE', *, *, #648, .F. ) ;
#3077 = CARTESIAN_POINT ( 'NONE',  ( -10.55499999999999800, 3.330000000000001800, 5.230000000000003100 ) ) ;
#3078 = FACE_OUTER_BOUND ( 'NONE', #3048, .T. ) ;
#3079 = CARTESIAN_POINT ( 'NONE',  ( -10.30500000000000900, 5.172430128933278100E-015, -0.2650000000000117800 ) ) ;
#3080 = STYLED_ITEM ( 'NONE', ( #2944 ), #2553 ) ;
#3081 = EDGE_LOOP ( 'NONE', ( #912, #1340, #611, #3210 ) ) ;
#3082 = CYLINDRICAL_SURFACE ( 'NONE', #3342, 2.000000000000000000 ) ;
#3083 = CARTESIAN_POINT ( 'NONE',  ( -3.949999999999998800, 3.429999999999999700, 4.580000000000001000 ) ) ;
#3084 = CARTESIAN_POINT ( 'NONE',  ( 3.974999999999998300, 3.680000000000000200, 4.580000000000001000 ) ) ;
#3085 = EDGE_CURVE ( 'NONE', #2437, #2744, #803, .T. ) ;
#3086 = ORIENTED_EDGE ( 'NONE', *, *, #1189, .F. ) ;
#3087 = FACE_OUTER_BOUND ( 'NONE', #2421, .T. ) ;
#3088 = CARTESIAN_POINT ( 'NONE',  ( -3.899999999999999500, 0.6800000000000000500, -9.670000000000010600 ) ) ;
#3089 = ORIENTED_EDGE ( 'NONE', *, *, #557, .T. ) ;
#3090 = PLANE ( 'NONE',  #1602 ) ;
#3091 = ORIENTED_EDGE ( 'NONE', *, *, #1897, .F. ) ;
#3092 = CARTESIAN_POINT ( 'NONE',  ( -7.024999999999998600, 1.279999999999996700, -3.275492160360300900 ) ) ;
#3093 = VERTEX_POINT ( 'NONE', #128 ) ;
#3094 = ORIENTED_EDGE ( 'NONE', *, *, #626, .F. ) ;
#3095 = EDGE_CURVE ( 'NONE', #2967, #2496, #884, .T. ) ;
#3096 = ORIENTED_EDGE ( 'NONE', *, *, #3398, .F. ) ;
#3097 = AXIS2_PLACEMENT_3D ( 'NONE', #2898, #143, #2062 ) ;
#3098 = LINE ( 'NONE', #325, #1485 ) ;
#3099 = DIRECTION ( 'NONE',  ( 0.0000000000000000000, 1.000000000000000000, 0.0000000000000000000 ) ) ;
#3100 = ORIENTED_EDGE ( 'NONE', *, *, #1588, .F. ) ;
#3101 = CYLINDRICAL_SURFACE ( 'NONE', #3490, 0.7849999999999997000 ) ;
#3102 = ORIENTED_EDGE ( 'NONE', *, *, #2178, .F. ) ;
#3103 = CIRCLE ( 'NONE', #3566, 0.3500000000000013700 ) ;
#3104 = CARTESIAN_POINT ( 'NONE',  ( -3.974999999999998300, 3.680000000000000200, 4.580000000000001000 ) ) ;
#3105 = CARTESIAN_POINT ( 'NONE',  ( -3.974999999999998300, 3.680000000000000200, 4.580000000000001000 ) ) ;
#3106 = VECTOR ( 'NONE', #2871, 999.9999999999998900 ) ;
#3107 = DIRECTION ( 'NONE',  ( 0.8698854280611961800, -0.4932538312540407600, 0.0000000000000000000 ) ) ;
#3108 = CARTESIAN_POINT ( 'NONE',  ( 10.30500000000001200, 7.223410652355686800E-016, 1.897699089165713100E-015 ) ) ;
#3109 = EDGE_CURVE ( 'NONE', #2136, #1899, #970, .T. ) ;
#3110 = FACE_BOUND ( 'NONE', #3530, .T. ) ;
#3111 = CARTESIAN_POINT ( 'NONE',  ( 3.447222222222221500, 3.429999999999999700, 8.817354263529926700 ) ) ;
#3112 = CIRCLE ( 'NONE', #2910, 2.000000000000000000 ) ;
#3113 = CARTESIAN_POINT ( 'NONE',  ( -3.974999999999998300, 1.185166213819379000, -3.243765940940885400 ) ) ;
#3114 = VECTOR ( 'NONE', #1014, 1000.000000000000000 ) ;
#3115 = EDGE_CURVE ( 'NONE', #53, #1935, #411, .T. ) ;
#3116 = ADVANCED_FACE ( 'NONE', ( #1581 ), #2589, .F. ) ;
#3117 = CARTESIAN_POINT ( 'NONE',  ( 4.336808689942017700E-015, 3.680000000000000200, 12.43904709294233900 ) ) ;
#3118 = ORIENTED_EDGE ( 'NONE', *, *, #2545, .T. ) ;
#3119 = AXIS2_PLACEMENT_3D ( 'NONE', #170, #2632, #2067 ) ;
#3120 = DIRECTION ( 'NONE',  ( -0.4932538312540421000, 0.8698854280611952900, 0.0000000000000000000 ) ) ;
#3121 = ORIENTED_EDGE ( 'NONE', *, *, #637, .T. ) ;
#3122 = VECTOR ( 'NONE', #732, 1000.000000000000000 ) ;
#3123 = ORIENTED_EDGE ( 'NONE', *, *, #3095, .T. ) ;
#3124 = CARTESIAN_POINT ( 'NONE',  ( -3.974999999999998300, 3.326675723612349400, 3.945475611611680000 ) ) ;
#3125 = FACE_OUTER_BOUND ( 'NONE', #3202, .T. ) ;
#3126 = DIRECTION ( 'NONE',  ( 0.0000000000000000000, 0.0000000000000000000, -1.000000000000000000 ) ) ;
#3127 = ORIENTED_EDGE ( 'NONE', *, *, #1364, .T. ) ;
#3128 = ORIENTED_EDGE ( 'NONE', *, *, #3565, .F. ) ;
#3129 = CARTESIAN_POINT ( 'NONE',  ( 10.20500000000000000, 3.330000000000000100, -4.189999999999998600 ) ) ;
#3130 = ORIENTED_EDGE ( 'NONE', *, *, #837, .F. ) ;
#3131 = ORIENTED_EDGE ( 'NONE', *, *, #3390, .F. ) ;
#3132 = CARTESIAN_POINT ( 'NONE',  ( -5.499999999999998200, 0.9299999999999989400, -4.820000000000000300 ) ) ;
#3133 = VECTOR ( 'NONE', #1414, 1000.000000000000000 ) ;
#3134 = ORIENTED_EDGE ( 'NONE', *, *, #975, .T. ) ;
#3135 = ORIENTED_EDGE ( 'NONE', *, *, #2636, .F. ) ;
#3136 = DIRECTION ( 'NONE',  ( -1.000000000000000000, -0.0000000000000000000, -0.0000000000000000000 ) ) ;
#3137 = CARTESIAN_POINT ( 'NONE',  ( -3.949999999999998800, 3.429999999999999700, 4.580000000000001000 ) ) ;
#3138 = ADVANCED_FACE ( 'NONE', ( #1534 ), #246, .T. ) ;
#3139 = ORIENTED_EDGE ( 'NONE', *, *, #482, .F. ) ;
#3140 = VECTOR ( 'NONE', #1549, 1000.000000000000000 ) ;
#3141 = EDGE_CURVE ( 'NONE', #453, #1731, #3277, .T. ) ;
#3142 = CARTESIAN_POINT ( 'NONE',  ( -3.974999999999998300, 1.279999999999996700, -3.275492160360300900 ) ) ;
#3143 = EDGE_LOOP ( 'NONE', ( #1265, #1626, #3481, #541 ) ) ;
#3144 = AXIS2_PLACEMENT_3D ( 'NONE', #2358, #2633, #2643 ) ;
#3145 = ORIENTED_EDGE ( 'NONE', *, *, #2107, .T. ) ;
#3146 = CYLINDRICAL_SURFACE ( 'NONE', #2819, 0.09999999999999766000 ) ;
#3147 = CARTESIAN_POINT ( 'NONE',  ( -6.205000000000000100, 3.429999999999999700, 5.919999999999998200 ) ) ;
#3148 = CARTESIAN_POINT ( 'NONE',  ( 10.56801145719388300, -0.2229465567089975500, 1.304999999999988200 ) ) ;
#3149 = CARTESIAN_POINT ( 'NONE',  ( -10.95500000000000000, -1.615000000000003500, -0.2650000000000117800 ) ) ;
#3150 = CARTESIAN_POINT ( 'NONE',  ( 3.900000000000000800, 3.330000000000000100, -9.669999999999999900 ) ) ;
#3151 = FILL_AREA_STYLE ('',( #2552 ) ) ;
#3152 = EDGE_CURVE ( 'NONE', #2136, #2874, #849, .T. ) ;
#3153 = VECTOR ( 'NONE', #1681, 1000.000000000000000 ) ;
#3154 = AXIS2_PLACEMENT_3D ( 'NONE', #1830, #696, #3468 ) ;
#3155 = EDGE_CURVE ( 'NONE', #2744, #1301, #107, .T. ) ;
#3156 = EDGE_LOOP ( 'NONE', ( #3186, #2742, #3513, #838 ) ) ;
#3157 = AXIS2_PLACEMENT_3D ( 'NONE', #635, #380, #1176 ) ;
#3158 = VECTOR ( 'NONE', #3312, 1000.000000000000000 ) ;
#3159 = CARTESIAN_POINT ( 'NONE',  ( -10.30500000000000900, 5.172430128933278100E-015, -0.2650000000000117800 ) ) ;
#3160 = VERTEX_POINT ( 'NONE', #408 ) ;
#3161 = LINE ( 'NONE', #497, #950 ) ;
#3162 = AXIS2_PLACEMENT_3D ( 'NONE', #1608, #1332, #508 ) ;
#3163 = CARTESIAN_POINT ( 'NONE',  ( -3.899999999999999000, 3.429999999999999700, -9.570000000000000300 ) ) ;
#3164 = DIRECTION ( 'NONE',  ( 0.0000000000000000000, 0.0000000000000000000, 1.000000000000000000 ) ) ;
#3165 = VERTEX_POINT ( 'NONE', #1015 ) ;
#3166 = FACE_OUTER_BOUND ( 'NONE', #1503, .T. ) ;
#3167 = DIRECTION ( 'NONE',  ( -1.841532352416992700E-016, 1.381149264312744600E-016, -1.000000000000000000 ) ) ;
#3168 = ORIENTED_EDGE ( 'NONE', *, *, #2894, .T. ) ;
#3169 = DIRECTION ( 'NONE',  ( -0.0000000000000000000, -0.0000000000000000000, -1.000000000000000000 ) ) ;
#3170 = ORIENTED_EDGE ( 'NONE', *, *, #1430, .F. ) ;
#3171 = DIRECTION ( 'NONE',  ( 1.000000000000000000, 3.469446951953610400E-014, 0.0000000000000000000 ) ) ;
#3172 = ORIENTED_EDGE ( 'NONE', *, *, #2048, .T. ) ;
#3173 = EDGE_CURVE ( 'NONE', #86, #3580, #761, .T. ) ;
#3174 = DIRECTION ( 'NONE',  ( 0.0000000000000000000, 1.000000000000000000, 0.0000000000000000000 ) ) ;
#3175 = ORIENTED_EDGE ( 'NONE', *, *, #2958, .F. ) ;
#3176 = CARTESIAN_POINT ( 'NONE',  ( 10.20499999999999800, 3.429999999999999700, 5.230000000000003100 ) ) ;
#3177 = ORIENTED_EDGE ( 'NONE', *, *, #74, .F. ) ;
#3178 = CARTESIAN_POINT ( 'NONE',  ( -10.55500000000001000, 8.687388871689990900E-016, 5.230000000000002200 ) ) ;
#3179 = CYLINDRICAL_SURFACE ( 'NONE', #1421, 0.7849999999999997000 ) ;
#3180 = EDGE_CURVE ( 'NONE', #2298, #1731, #1309, .T. ) ;
#3181 = DIRECTION ( 'NONE',  ( 0.0000000000000000000, 0.0000000000000000000, -1.000000000000000000 ) ) ;
#3182 = ORIENTED_EDGE ( 'NONE', *, *, #2655, .F. ) ;
#3183 = DIRECTION ( 'NONE',  ( 0.0000000000000000000, 0.0000000000000000000, -1.000000000000000000 ) ) ;
#3184 = DIRECTION ( 'NONE',  ( -0.0000000000000000000, -0.3172621941941601900, -0.9483378618061745200 ) ) ;
#3185 = LINE ( 'NONE', #3550, #2376 ) ;
#3186 = ORIENTED_EDGE ( 'NONE', *, *, #2211, .T. ) ;
#3187 = EDGE_CURVE ( 'NONE', #1862, #972, #500, .T. ) ;
#3188 = LINE ( 'NONE', #1532, #454 ) ;
#3189 = AXIS2_PLACEMENT_3D ( 'NONE', #2561, #2832, #1162 ) ;
#3190 = DIRECTION ( 'NONE',  ( 1.000000000000000000, -0.0000000000000000000, -0.0000000000000000000 ) ) ;
#3191 = VECTOR ( 'NONE', #2194, 999.9999999999998900 ) ;
#3192 = CARTESIAN_POINT ( 'NONE',  ( 10.30500000000001200, 1.301042606982606500E-015, -4.189999999999997700 ) ) ;
#3193 = CARTESIAN_POINT ( 'NONE',  ( -4.376840770156877800E-015, 0.6800000000000004900, -9.670000000000012400 ) ) ;
#3194 = LINE ( 'NONE', #2271, #723 ) ;
#3195 = CARTESIAN_POINT ( 'NONE',  ( 10.33752864298471000, -2.906686542186493600, 0.5199999999999882500 ) ) ;
#3196 = DIRECTION ( 'NONE',  ( 0.4932538312540469300, -0.8698854280611925100, 0.0000000000000000000 ) ) ;
#3197 = EDGE_CURVE ( 'NONE', #3224, #3308, #3440, .T. ) ;
#3198 = VECTOR ( 'NONE', #2035, 1000.000000000000100 ) ;
#3199 = CARTESIAN_POINT ( 'NONE',  ( -10.55500000000000900, -3.030000000000004200, 0.5199999999999882500 ) ) ;
#3200 = CARTESIAN_POINT ( 'NONE',  ( -6.205000000000000100, 3.429999999999999700, 5.919999999999998200 ) ) ;
#3201 = AXIS2_PLACEMENT_3D ( 'NONE', #994, #2942, #1271 ) ;
#3202 = EDGE_LOOP ( 'NONE', ( #2234, #356, #1178, #2705 ) ) ;
#3203 = DIRECTION ( 'NONE',  ( -0.0000000000000000000, -0.0000000000000000000, -1.000000000000000000 ) ) ;
#3204 = CARTESIAN_POINT ( 'NONE',  ( 10.30500000000001200, 3.736735977333718800E-014, -4.189999999999997700 ) ) ;
#3205 = CIRCLE ( 'NONE', #3023, 0.09999999999999939500 ) ;
#3206 = DIRECTION ( 'NONE',  ( 1.000000000000000000, -0.0000000000000000000, -0.0000000000000000000 ) ) ;
#3207 = EDGE_CURVE ( 'NONE', #1899, #125, #577, .T. ) ;
#3208 = ADVANCED_FACE ( 'NONE', ( #2621 ), #1747, .F. ) ;
#3209 = AXIS2_PLACEMENT_3D ( 'NONE', #203, #2398, #728 ) ;
#3210 = ORIENTED_EDGE ( 'NONE', *, *, #1032, .F. ) ;
#3211 = VECTOR ( 'NONE', #2222, 1000.000000000000000 ) ;
#3212 = CARTESIAN_POINT ( 'NONE',  ( -3.899999999999999500, 0.6800000000000009400, -9.920000000000010600 ) ) ;
#3213 = DIRECTION ( 'NONE',  ( 0.0000000000000000000, 0.3172621941941601900, 0.9483378618061745200 ) ) ;
#3214 = ORIENTED_EDGE ( 'NONE', *, *, #3508, .T. ) ;
#3215 = EDGE_LOOP ( 'NONE', ( #2565, #1001, #67, #2326 ) ) ;
#3216 = AXIS2_PLACEMENT_3D ( 'NONE', #3200, #3174, #126 ) ;
#3217 = CARTESIAN_POINT ( 'NONE',  ( -10.55500000000000100, 3.330000000000001400, -4.189999999999997700 ) ) ;
#3218 = CARTESIAN_POINT ( 'NONE',  ( -5.499999999999998200, 1.179999999999999000, -4.820000000000000300 ) ) ;
#3219 = ORIENTED_EDGE ( 'NONE', *, *, #78, .F. ) ;
#3220 = ORIENTED_EDGE ( 'NONE', *, *, #436, .F. ) ;
#3221 = DIRECTION ( 'NONE',  ( 0.8698854280611952900, 0.4932538312540421000, -0.0000000000000000000 ) ) ;
#3222 = CARTESIAN_POINT ( 'NONE',  ( 10.55500000000000000, 3.330000000000001400, 5.230000000000002200 ) ) ;
#3223 = EDGE_LOOP ( 'NONE', ( #288, #757, #2708, #251, #1082, #564 ) ) ;
#3224 = VERTEX_POINT ( 'NONE', #2985 ) ;
#3225 = DIRECTION ( 'NONE',  ( 0.0000000000000000000, 0.0000000000000000000, 1.000000000000000000 ) ) ;
#3226 = ORIENTED_EDGE ( 'NONE', *, *, #2512, .F. ) ;
#3227 = PLANE ( 'NONE',  #607 ) ;
#3228 = ORIENTED_EDGE ( 'NONE', *, *, #1406, .T. ) ;
#3229 = CARTESIAN_POINT ( 'NONE',  ( -3.974999999999998300, 3.430000000000000200, 4.580000000000001000 ) ) ;
#3230 = LINE ( 'NONE', #2099, #1010 ) ;
#3231 = ADVANCED_FACE ( 'NONE', ( #1220 ), #3289, .F. ) ;
#3232 = ORIENTED_EDGE ( 'NONE', *, *, #773, .F. ) ;
#3233 = CARTESIAN_POINT ( 'NONE',  ( -10.20500000000000000, 3.330000000000000100, -4.189999999999997700 ) ) ;
#3234 = ORIENTED_EDGE ( 'NONE', *, *, #1630, .F. ) ;
#3235 = CIRCLE ( 'NONE', #2638, 0.09999999999999939500 ) ;
#3236 = EDGE_CURVE ( 'NONE', #96, #683, #2037, .T. ) ;
#3237 = DIRECTION ( 'NONE',  ( 2.182665966395359800E-016, 0.0000000000000000000, -1.000000000000000000 ) ) ;
#3238 = VECTOR ( 'NONE', #3387, 1000.000000000000100 ) ;
#3239 = DIRECTION ( 'NONE',  ( 0.8698854280611925100, -0.4932538312540469300, 0.0000000000000000000 ) ) ;
#3240 =( NAMED_UNIT ( * ) PLANE_ANGLE_UNIT ( ) SI_UNIT ( $, .RADIAN. ) );
#3241 = CARTESIAN_POINT ( 'NONE',  ( -10.20500000000000000, 3.330000000000000100, -4.189999999999998600 ) ) ;
#3242 = DIRECTION ( 'NONE',  ( 0.0000000000000000000, 1.000000000000000000, 0.0000000000000000000 ) ) ;
#3243 = VECTOR ( 'NONE', #1211, 1000.000000000000000 ) ;
#3244 = CIRCLE ( 'NONE', #3449, 0.3500000000000013700 ) ;
#3245 = DIRECTION ( 'NONE',  ( -0.4932538312540420400, 0.8698854280611952900, 0.0000000000000000000 ) ) ;
#3246 = CARTESIAN_POINT ( 'NONE',  ( 10.20499999999999800, 3.680000000000000200, 5.230000000000003100 ) ) ;
#3247 = ADVANCED_FACE ( 'NONE', ( #1998 ), #1869, .F. ) ;
#3248 = VERTEX_POINT ( 'NONE', #2721 ) ;
#3249 = EDGE_CURVE ( 'NONE', #2415, #3340, #2414, .T. ) ;
#3250 = DIRECTION ( 'NONE',  ( -0.0000000000000000000, -0.0000000000000000000, -1.000000000000000000 ) ) ;
#3251 = CARTESIAN_POINT ( 'NONE',  ( 10.65500000000000300, -0.1736211735835923600, -0.2650000000000117800 ) ) ;
#3252 = DIRECTION ( 'NONE',  ( -2.182665966395359800E-016, 0.0000000000000000000, -1.000000000000000000 ) ) ;
#3253 = ORIENTED_EDGE ( 'NONE', *, *, #2048, .F. ) ;
#3254 = VECTOR ( 'NONE', #1, 1000.000000000000000 ) ;
#3255 = AXIS2_PLACEMENT_3D ( 'NONE', #2702, #1641, #3549 ) ;
#3256 = EDGE_CURVE ( 'NONE', #1867, #1487, #3310, .T. ) ;
#3257 = PLANE ( 'NONE',  #397 ) ;
#3258 = EDGE_LOOP ( 'NONE', ( #2793, #2872, #488, #781 ) ) ;
#3259 = VECTOR ( 'NONE', #681, 1000.000000000000000 ) ;
#3260 = CARTESIAN_POINT ( 'NONE',  ( 3.974999999999998300, 1.429999999999999900, 4.580000000000001000 ) ) ;
#3261 = VERTEX_POINT ( 'NONE', #2696 ) ;
#3262 = CARTESIAN_POINT ( 'NONE',  ( -3.974999999999998300, 1.179999999999999000, -3.275492160360300900 ) ) ;
#3263 = VECTOR ( 'NONE', #2766, 1000.000000000000000 ) ;
#3264 = EDGE_CURVE ( 'NONE', #987, #3046, #1093, .T. ) ;
#3265 = AXIS2_PLACEMENT_3D ( 'NONE', #1675, #3374, #1696 ) ;
#3266 = VECTOR ( 'NONE', #2244, 1000.000000000000000 ) ;
#3267 = CARTESIAN_POINT ( 'NONE',  ( -3.949999999999999700, 3.429999999999999700, 0.6061361502748022800 ) ) ;
#3268 = DIRECTION ( 'NONE',  ( 1.000000000000000000, -0.0000000000000000000, -0.0000000000000000000 ) ) ;
#3269 = EDGE_LOOP ( 'NONE', ( #706, #3431, #1252, #3127, #2407, #2177 ) ) ;
#3270 = ADVANCED_FACE ( 'NONE', ( #1263 ), #1046, .T. ) ;
#3271 = VERTEX_POINT ( 'NONE', #1101 ) ;
#3272 = ORIENTED_EDGE ( 'NONE', *, *, #687, .T. ) ;
#3273 = CARTESIAN_POINT ( 'NONE',  ( 10.56801145719388300, -0.2229465567089975500, -0.2650000000000117800 ) ) ;
#3274 = ORIENTED_EDGE ( 'NONE', *, *, #2812, .F. ) ;
#3275 = PLANE ( 'NONE',  #3162 ) ;
#3276 = EDGE_CURVE ( 'NONE', #276, #1417, #3400, .T. ) ;
#3277 = LINE ( 'NONE', #1474, #2181 ) ;
#3278 = ORIENTED_EDGE ( 'NONE', *, *, #777, .F. ) ;
#3279 = CIRCLE ( 'NONE', #2507, 1.524999999999999900 ) ;
#3280 = FACE_OUTER_BOUND ( 'NONE', #3143, .T. ) ;
#3281 = EDGE_CURVE ( 'NONE', #2359, #2346, #1662, .T. ) ;
#3282 = DIRECTION ( 'NONE',  ( 0.0000000000000000000, 0.0000000000000000000, 1.000000000000000000 ) ) ;
#3283 = FACE_OUTER_BOUND ( 'NONE', #43, .T. ) ;
#3284 = DIRECTION ( 'NONE',  ( 1.000000000000000000, -3.540251991789402300E-015, -1.841532352416997600E-016 ) ) ;
#3285 = ADVANCED_FACE ( 'NONE', ( #845 ), #1663, .F. ) ;
#3286 = VECTOR ( 'NONE', #920, 1000.000000000000000 ) ;
#3287 = DIRECTION ( 'NONE',  ( -1.000000000000000000, 0.0000000000000000000, 0.0000000000000000000 ) ) ;
#3288 = VECTOR ( 'NONE', #3514, 1000.000000000000000 ) ;
#3289 = PLANE ( 'NONE',  #274 ) ;
#3290 = DIRECTION ( 'NONE',  ( 1.000000000000000000, 0.0000000000000000000, 0.0000000000000000000 ) ) ;
#3291 = PLANE ( 'NONE',  #1410 ) ;
#3292 = ORIENTED_EDGE ( 'NONE', *, *, #3380, .T. ) ;
#3293 = DIRECTION ( 'NONE',  ( 0.0000000000000000000, 0.0000000000000000000, 1.000000000000000000 ) ) ;
#3294 = EDGE_CURVE ( 'NONE', #61, #1487, #2319, .T. ) ;
#3295 = CARTESIAN_POINT ( 'NONE',  ( -10.55500000000000000, 3.330000000000001400, 5.230000000000002200 ) ) ;
#3296 = VECTOR ( 'NONE', #2135, 1000.000000000000000 ) ;
#3297 = PRODUCT_DEFINITION_SHAPE ( 'NONE', 'NONE',  #3334 ) ;
#3298 = LINE ( 'NONE', #3193, #1693 ) ;
#3299 = ADVANCED_FACE ( 'NONE', ( #22 ), #2802, .T. ) ;
#3300 = EDGE_CURVE ( 'NONE', #569, #765, #3010, .T. ) ;
#3301 = PLANE ( 'NONE',  #3579 ) ;
#3302 = ORIENTED_EDGE ( 'NONE', *, *, #1849, .F. ) ;
#3303 = DIRECTION ( 'NONE',  ( -1.000000000000000000, 0.0000000000000000000, 0.0000000000000000000 ) ) ;
#3304 = CARTESIAN_POINT ( 'NONE',  ( 3.899999999999999500, 0.6800000000000009400, -9.920000000000010600 ) ) ;
#3305 = VERTEX_POINT ( 'NONE', #2484 ) ;
#3306 = EDGE_LOOP ( 'NONE', ( #133, #405, #700, #1295 ) ) ;
#3307 = AXIS2_PLACEMENT_3D ( 'NONE', #3073, #1403, #2206 ) ;
#3308 = VERTEX_POINT ( 'NONE', #11 ) ;
#3309 = ORIENTED_EDGE ( 'NONE', *, *, #1743, .F. ) ;
#3310 = LINE ( 'NONE', #1906, #2536 ) ;
#3311 = ORIENTED_EDGE ( 'NONE', *, *, #1821, .F. ) ;
#3312 = DIRECTION ( 'NONE',  ( -0.8698854280611946200, 0.4932538312540434300, 0.0000000000000000000 ) ) ;
#3313 = ORIENTED_EDGE ( 'NONE', *, *, #3187, .T. ) ;
#3314 = CYLINDRICAL_SURFACE ( 'NONE', #1181, 0.3500000000000000300 ) ;
#3315 = CARTESIAN_POINT ( 'NONE',  ( 3.974999999999998300, 0.9299999999999989400, -3.218499084290297400 ) ) ;
#3316 = CARTESIAN_POINT ( 'NONE',  ( -5.499999999999998200, 1.185166213819379000, -3.295000000000000800 ) ) ;
#3317 = VERTEX_POINT ( 'NONE', #320 ) ;
#3318 = DIRECTION ( 'NONE',  ( 1.000000000000000000, -0.0000000000000000000, -0.0000000000000000000 ) ) ;
#3319 = ADVANCED_FACE ( 'NONE', ( #1170 ), #2314, .F. ) ;
#3320 = CIRCLE ( 'NONE', #2462, 2.250000000000000400 ) ;
#3321 = CARTESIAN_POINT ( 'NONE',  ( -11.25945989982141900, -1.442361159061087200, 1.304999999999988200 ) ) ;
#3322 = FACE_OUTER_BOUND ( 'NONE', #1335, .T. ) ;
#3323 = CARTESIAN_POINT ( 'NONE',  ( -10.55500000000001000, 8.728703347107833400E-016, 5.230000000000002200 ) ) ;
#3324 = CIRCLE ( 'NONE', #675, 1.524999999999999900 ) ;
#3325 = EDGE_CURVE ( 'NONE', #656, #704, #1993, .T. ) ;
#3326 = DIRECTION ( 'NONE',  ( 0.0000000000000000000, 0.0000000000000000000, 1.000000000000000000 ) ) ;
#3327 = AXIS2_PLACEMENT_3D ( 'NONE', #1431, #2526, #2247 ) ;
#3328 = CARTESIAN_POINT ( 'NONE',  ( -10.95500000000000000, -1.615000000000003500, 1.304999999999988200 ) ) ;
#3329 = LINE ( 'NONE', #2609, #983 ) ;
#3330 = DIRECTION ( 'NONE',  ( 0.0000000000000000000, 0.0000000000000000000, 1.000000000000000000 ) ) ;
#3331 = VECTOR ( 'NONE', #2448, 1000.000000000000000 ) ;
#3332 = DIRECTION ( 'NONE',  ( 1.000000000000000000, -0.0000000000000000000, -0.0000000000000000000 ) ) ;
#3333 = DIRECTION ( 'NONE',  ( -1.000000000000000000, 0.0000000000000000000, 0.0000000000000000000 ) ) ;
#3334 = PRODUCT_DEFINITION ( 'UNKNOWN', '', #2091, #1256 ) ;
#3335 = CARTESIAN_POINT ( 'NONE',  ( 3.899999999999999000, 3.430000000000000600, -9.919999999999999900 ) ) ;
#3336 = ADVANCED_FACE ( 'NONE', ( #902 ), #2243, .T. ) ;
#3337 = CARTESIAN_POINT ( 'NONE',  ( 10.30499999999999800, 3.330000000000000500, 5.230000000000003100 ) ) ;
#3338 = EDGE_LOOP ( 'NONE', ( #2731, #2751, #1214, #3003 ) ) ;
#3339 = PLANE ( 'NONE',  #291 ) ;
#3340 = VERTEX_POINT ( 'NONE', #846 ) ;
#3341 = CIRCLE ( 'NONE', #2786, 4.000000000000000000 ) ;
#3342 = AXIS2_PLACEMENT_3D ( 'NONE', #2954, #1548, #3521 ) ;
#3343 = CARTESIAN_POINT ( 'NONE',  ( -3.899999999999999000, 3.429999999999999700, -9.570000000000000300 ) ) ;
#3344 = ORIENTED_EDGE ( 'NONE', *, *, #3553, .F. ) ;
#3345 = LINE ( 'NONE', #1416, #1859 ) ;
#3346 = UNCERTAINTY_MEASURE_WITH_UNIT (LENGTH_MEASURE( 1.000000000000000100E-005 ), #744, 'distance_accuracy_value', 'NONE');
#3347 = ORIENTED_EDGE ( 'NONE', *, *, #553, .T. ) ;
#3348 = ORIENTED_EDGE ( 'NONE', *, *, #2677, .T. ) ;
#3349 = EDGE_CURVE ( 'NONE', #3317, #2826, #1570, .T. ) ;
#3350 = AXIS2_PLACEMENT_3D ( 'NONE', #2288, #1459, #2564 ) ;
#3351 = ORIENTED_EDGE ( 'NONE', *, *, #2253, .F. ) ;
#3352 = CARTESIAN_POINT ( 'NONE',  ( -3.949999999999998800, 3.680000000000000200, 4.580000000000001000 ) ) ;
#3353 = ORIENTED_EDGE ( 'NONE', *, *, #1437, .F. ) ;
#3354 = CARTESIAN_POINT ( 'NONE',  ( 10.30500000000000300, -0.1736211735835802000, -0.2650000000000117800 ) ) ;
#3355 = CARTESIAN_POINT ( 'NONE',  ( 10.20500000000000000, 3.330000000000000100, 5.230000000000003100 ) ) ;
#3356 = ORIENTED_EDGE ( 'NONE', *, *, #2451, .F. ) ;
#3357 = AXIS2_PLACEMENT_3D ( 'NONE', #3147, #1500, #1203 ) ;
#3358 = ORIENTED_EDGE ( 'NONE', *, *, #3429, .F. ) ;
#3359 = DIRECTION ( 'NONE',  ( -0.8698854280611925100, -0.4932538312540469300, 0.0000000000000000000 ) ) ;
#3360 = PLANE ( 'NONE',  #3265 ) ;
#3361 = LINE ( 'NONE', #1149, #2275 ) ;
#3362 = ORIENTED_EDGE ( 'NONE', *, *, #2806, .F. ) ;
#3363 = VERTEX_POINT ( 'NONE', #2769 ) ;
#3364 = DIRECTION ( 'NONE',  ( 0.0000000000000000000, 0.0000000000000000000, 1.000000000000000000 ) ) ;
#3365 = CIRCLE ( 'NONE', #206, 3.400000000000000400 ) ;
#3366 = PLANE ( 'NONE',  #1016 ) ;
#3367 = CARTESIAN_POINT ( 'NONE',  ( -11.04198854280611800, -1.664325383125406600, 1.304999999999988200 ) ) ;
#3368 = LINE ( 'NONE', #2881, #1758 ) ;
#3369 = DIRECTION ( 'NONE',  ( 1.000000000000000000, 0.0000000000000000000, 0.0000000000000000000 ) ) ;
#3370 = EDGE_CURVE ( 'NONE', #1331, #2455, #1235, .T. ) ;
#3371 = DIRECTION ( 'NONE',  ( 1.000000000000000000, -1.486905836551558000E-014, 0.0000000000000000000 ) ) ;
#3372 = LINE ( 'NONE', #3528, #2336 ) ;
#3373 = PLANE ( 'NONE',  #2853 ) ;
#3374 = DIRECTION ( 'NONE',  ( 0.0000000000000000000, 1.000000000000000000, 0.0000000000000000000 ) ) ;
#3375 = PLANE ( 'NONE',  #379 ) ;
#3376 = EDGE_CURVE ( 'NONE', #1738, #2391, #1922, .T. ) ;
#3377 = LINE ( 'NONE', #1285, #2639 ) ;
#3378 = ADVANCED_FACE ( 'NONE', ( #2186 ), #2779, .T. ) ;
#3379 = CIRCLE ( 'NONE', #1099, 1.524999999999999900 ) ;
#3380 = EDGE_CURVE ( 'NONE', #3093, #2826, #2970, .T. ) ;
#3381 = MECHANICAL_DESIGN_GEOMETRIC_PRESENTATION_REPRESENTATION (  '', ( #1991 ), #1249 ) ;
#3382 = CARTESIAN_POINT ( 'NONE',  ( 5.499999999999998200, 1.179999999999999000, -3.295000000000000800 ) ) ;
#3383 = DIRECTION ( 'NONE',  ( 0.4932538312540469300, -0.8698854280611925100, 0.0000000000000000000 ) ) ;
#3384 = EDGE_LOOP ( 'NONE', ( #184, #1671, #3533, #471 ) ) ;
#3385 = VECTOR ( 'NONE', #3242, 1000.000000000000000 ) ;
#3386 = DIRECTION ( 'NONE',  ( 0.0000000000000000000, -0.0000000000000000000, -1.000000000000000000 ) ) ;
#3387 = DIRECTION ( 'NONE',  ( -0.0000000000000000000, -0.3172621941941601900, -0.9483378618061745200 ) ) ;
#3388 = VECTOR ( 'NONE', #2, 1000.000000000000000 ) ;
#3389 = DIRECTION ( 'NONE',  ( 1.000000000000000000, 0.0000000000000000000, 0.0000000000000000000 ) ) ;
#3390 = EDGE_CURVE ( 'NONE', #1872, #2653, #2664, .T. ) ;
#3391 = EDGE_LOOP ( 'NONE', ( #2577, #3292, #2500, #3362 ) ) ;
#3392 = CARTESIAN_POINT ( 'NONE',  ( 3.900000000000000800, 3.329999999999999600, -9.570000000000000300 ) ) ;
#3393 = VERTEX_POINT ( 'NONE', #2236 ) ;
#3394 = DIRECTION ( 'NONE',  ( 0.0000000000000000000, 0.9483378618061749600, -0.3172621941941593000 ) ) ;
#3395 = ORIENTED_EDGE ( 'NONE', *, *, #3300, .F. ) ;
#3396 = CARTESIAN_POINT ( 'NONE',  ( -7.024999999999998600, 3.563760189063893200, 3.866160063063140300 ) ) ;
#3397 = ORIENTED_EDGE ( 'NONE', *, *, #1890, .F. ) ;
#3398 = EDGE_CURVE ( 'NONE', #101, #2619, #3324, .T. ) ;
#3399 = VERTEX_POINT ( 'NONE', #450 ) ;
#3400 = CIRCLE ( 'NONE', #3307, 0.09999999999999939500 ) ;
#3401 = ORIENTED_EDGE ( 'NONE', *, *, #213, .F. ) ;
#3402 = ORIENTED_EDGE ( 'NONE', *, *, #768, .T. ) ;
#3403 = VECTOR ( 'NONE', #183, 1000.000000000000000 ) ;
#3404 =( GEOMETRIC_REPRESENTATION_CONTEXT ( 3 ) GLOBAL_UNCERTAINTY_ASSIGNED_CONTEXT ( ( #3346 ) ) GLOBAL_UNIT_ASSIGNED_CONTEXT ( ( #744, #523, #1893 ) ) REPRESENTATION_CONTEXT ( 'NONE', 'WORKASPACE' ) );
#3405 = EDGE_LOOP ( 'NONE', ( #2401, #581, #1398, #1518 ) ) ;
#3406 = DIRECTION ( 'NONE',  ( 1.000000000000000000, 0.0000000000000000000, 0.0000000000000000000 ) ) ;
#3407 = CARTESIAN_POINT ( 'NONE',  ( 6.205000000000000100, 3.680000000000000200, 5.919999999999998200 ) ) ;
#3408 = LINE ( 'NONE', #961, #370 ) ;
#3409 = DIRECTION ( 'NONE',  ( -1.000000000000000000, 0.0000000000000000000, 0.0000000000000000000 ) ) ;
#3410 = CIRCLE ( 'NONE', #1278, 0.3499999999999996400 ) ;
#3411 = CARTESIAN_POINT ( 'NONE',  ( -10.20500000000000000, 3.429999999999999700, -4.189999999999998600 ) ) ;
#3412 = AXIS2_PLACEMENT_3D ( 'NONE', #2775, #2193, #2231 ) ;
#3413 = VECTOR ( 'NONE', #2580, 1000.000000000000000 ) ;
#3414 = FACE_OUTER_BOUND ( 'NONE', #3081, .T. ) ;
#3415 = CIRCLE ( 'NONE', #1727, 1.524999999999999900 ) ;
#3416 = EDGE_CURVE ( 'NONE', #1740, #1466, #2105, .T. ) ;
#3417 = DIRECTION ( 'NONE',  ( -0.8698854280611960600, -0.4932538312540407100, 0.0000000000000000000 ) ) ;
#3418 = VERTEX_POINT ( 'NONE', #2104 ) ;
#3419 = AXIS2_PLACEMENT_3D ( 'NONE', #1362, #548, #23 ) ;
#3420 = CARTESIAN_POINT ( 'NONE',  ( -6.205000000000000100, 3.680000000000000200, 5.919999999999998200 ) ) ;
#3421 = ORIENTED_EDGE ( 'NONE', *, *, #1934, .T. ) ;
#3422 = FACE_OUTER_BOUND ( 'NONE', #2173, .T. ) ;
#3423 = CARTESIAN_POINT ( 'NONE',  ( 5.499999999999998200, 0.9299999999999989400, -4.820000000000000300 ) ) ;
#3424 = SURFACE_SIDE_STYLE ('',( #163 ) ) ;
#3425 = ADVANCED_FACE ( 'NONE', ( #3590 ), #3591, .T. ) ;
#3426 = VERTEX_POINT ( 'NONE', #418 ) ;
#3427 = DIRECTION ( 'NONE',  ( -1.000000000000000000, 0.0000000000000000000, -2.182665966395359800E-016 ) ) ;
#3428 = LINE ( 'NONE', #936, #315 ) ;
#3429 = EDGE_CURVE ( 'NONE', #987, #3525, #3415, .T. ) ;
#3430 = ORIENTED_EDGE ( 'NONE', *, *, #459, .T. ) ;
#3431 = ORIENTED_EDGE ( 'NONE', *, *, #3068, .F. ) ;
#3432 = ORIENTED_EDGE ( 'NONE', *, *, #2993, .T. ) ;
#3433 = AXIS2_PLACEMENT_3D ( 'NONE', #27, #303, #1115 ) ;
#3434 = ORIENTED_EDGE ( 'NONE', *, *, #1943, .F. ) ;
#3435 = EDGE_CURVE ( 'NONE', #1935, #1899, #1930, .T. ) ;
#3436 = DIRECTION ( 'NONE',  ( -1.000000000000000000, 3.540251991789402300E-015, 1.841532352416992700E-016 ) ) ;
#3437 = DIRECTION ( 'NONE',  ( -1.000000000000000000, 0.0000000000000000000, 0.0000000000000000000 ) ) ;
#3438 = DIRECTION ( 'NONE',  ( 1.000000000000000000, 0.0000000000000000000, 0.0000000000000000000 ) ) ;
#3439 = ORIENTED_EDGE ( 'NONE', *, *, #3071, .F. ) ;
#3440 = LINE ( 'NONE', #1253, #26 ) ;
#3441 = EDGE_CURVE ( 'NONE', #2739, #3363, #1552, .T. ) ;
#3442 = ORIENTED_EDGE ( 'NONE', *, *, #1540, .F. ) ;
#3443 = AXIS2_PLACEMENT_3D ( 'NONE', #1923, #262, #787 ) ;
#3444 = EDGE_LOOP ( 'NONE', ( #1483, #280, #703, #1477 ) ) ;
#3445 = VECTOR ( 'NONE', #670, 1000.000000000000000 ) ;
#3446 = DIRECTION ( 'NONE',  ( 0.0000000000000000000, 1.000000000000000000, 0.0000000000000000000 ) ) ;
#3447 = DIRECTION ( 'NONE',  ( 0.4932538312540469300, 0.8698854280611925100, 0.0000000000000000000 ) ) ;
#3448 = DIRECTION ( 'NONE',  ( -0.0000000000000000000, -1.000000000000000000, 0.0000000000000000000 ) ) ;
#3449 = AXIS2_PLACEMENT_3D ( 'NONE', #1580, #2984, #2129 ) ;
#3450 = LINE ( 'NONE', #3497, #332 ) ;
#3451 = CARTESIAN_POINT ( 'NONE',  ( 10.65500000000000300, -0.1736211735835923600, 1.304999999999988200 ) ) ;
#3452 = LINE ( 'NONE', #1741, #1020 ) ;
#3453 = EDGE_CURVE ( 'NONE', #1478, #1661, #2728, .T. ) ;
#3454 = LINE ( 'NONE', #1266, #2724 ) ;
#3455 = CARTESIAN_POINT ( 'NONE',  ( -3.899999999999999000, 3.680000000000000200, -9.570000000000000300 ) ) ;
#3456 = DIRECTION ( 'NONE',  ( -5.028183988338599400E-015, 0.0000000000000000000, 1.000000000000000000 ) ) ;
#3457 = DIRECTION ( 'NONE',  ( 0.0000000000000000000, 0.9483378618061746300, -0.3172621941941602400 ) ) ;
#3458 = CARTESIAN_POINT ( 'NONE',  ( -7.024999999999998600, 1.429999999999999900, 4.580000000000001000 ) ) ;
#3459 = EDGE_CURVE ( 'NONE', #3399, #987, #3379, .T. ) ;
#3460 = VERTEX_POINT ( 'NONE', #2640 ) ;
#3461 = AXIS2_PLACEMENT_3D ( 'NONE', #1188, #88, #1715 ) ;
#3462 = LINE ( 'NONE', #1291, #1423 ) ;
#3463 = ORIENTED_EDGE ( 'NONE', *, *, #1036, .T. ) ;
#3464 = CIRCLE ( 'NONE', #1502, 0.3500000000000000300 ) ;
#3465 = CARTESIAN_POINT ( 'NONE',  ( -11.30500000000000100, -1.615000000000003500, 1.304999999999988200 ) ) ;
#3466 = ORIENTED_EDGE ( 'NONE', *, *, #989, .T. ) ;
#3467 = LINE ( 'NONE', #3021, #1697 ) ;
#3468 = DIRECTION ( 'NONE',  ( 1.000000000000000000, 0.0000000000000000000, 0.0000000000000000000 ) ) ;
#3469 = EDGE_LOOP ( 'NONE', ( #151, #2657, #878, #3182 ) ) ;
#3470 = CARTESIAN_POINT ( 'NONE',  ( -10.95500000000000000, -1.615000000000003500, 1.304999999999988200 ) ) ;
#3471 = ORIENTED_EDGE ( 'NONE', *, *, #1504, .F. ) ;
#3472 = EDGE_LOOP ( 'NONE', ( #1007, #1797, #1131, #3278 ) ) ;
#3473 = DIRECTION ( 'NONE',  ( -1.000000000000000000, -0.0000000000000000000, -0.0000000000000000000 ) ) ;
#3474 = EDGE_LOOP ( 'NONE', ( #1003, #3053, #2774, #610 ) ) ;
#3475 = EDGE_CURVE ( 'NONE', #3460, #1819, #1845, .T. ) ;
#3476 = CARTESIAN_POINT ( 'NONE',  ( 10.72473290051913300, -2.223826481158455600, 0.5199999999999882500 ) ) ;
#3477 = EDGE_LOOP ( 'NONE', ( #1616, #493, #2784, #440 ) ) ;
#3478 = ADVANCED_FACE ( 'NONE', ( #2809 ), #1213, .F. ) ;
#3479 = ORIENTED_EDGE ( 'NONE', *, *, #1759, .F. ) ;
#3480 = CIRCLE ( 'NONE', #2387, 4.000000000000000000 ) ;
#3481 = ORIENTED_EDGE ( 'NONE', *, *, #2184, .F. ) ;
#3482 = EDGE_CURVE ( 'NONE', #2825, #2615, #679, .T. ) ;
#3483 = ORIENTED_EDGE ( 'NONE', *, *, #989, .F. ) ;
#3484 = PLANE ( 'NONE',  #1684 ) ;
#3485 = DIRECTION ( 'NONE',  ( 1.000000000000000000, 0.0000000000000000000, -2.182665966395359800E-016 ) ) ;
#3486 = LINE ( 'NONE', #2592, #3445 ) ;
#3487 = ORIENTED_EDGE ( 'NONE', *, *, #3249, .T. ) ;
#3488 = VECTOR ( 'NONE', #1057, 1000.000000000000000 ) ;
#3489 = CARTESIAN_POINT ( 'NONE',  ( -11.05500000000000000, -1.615000000000003500, 1.304999999999988200 ) ) ;
#3490 = AXIS2_PLACEMENT_3D ( 'NONE', #2305, #624, #2343 ) ;
#3491 = DIRECTION ( 'NONE',  ( 0.0000000000000000000, -6.195440985631453300E-016, 1.000000000000000000 ) ) ;
#3492 = VECTOR ( 'NONE', #1966, 1000.000000000000000 ) ;
#3493 = CARTESIAN_POINT ( 'NONE',  ( 11.04198854280611800, -1.664325383125406600, 1.304999999999988200 ) ) ;
#3494 = CARTESIAN_POINT ( 'NONE',  ( 11.04198854280611800, -1.664325383125406600, 1.304999999999988200 ) ) ;
#3495 = DIRECTION ( 'NONE',  ( 0.0000000000000000000, 0.0000000000000000000, 1.000000000000000000 ) ) ;
#3496 = CIRCLE ( 'NONE', #123, 2.000000000000000000 ) ;
#3497 = CARTESIAN_POINT ( 'NONE',  ( 11.25945989982141900, -1.787638840938917000, 1.304999999999988200 ) ) ;
#3498 = ADVANCED_FACE ( 'NONE', ( #1977 ), #1809, .T. ) ;
#3499 = SURFACE_STYLE_FILL_AREA ( #2116 ) ;
#3500 = DIRECTION ( 'NONE',  ( 1.841532352416992700E-016, 6.519488578588883900E-031, -1.000000000000000000 ) ) ;
#3501 = AXIS2_PLACEMENT_3D ( 'NONE', #1376, #45, #865 ) ;
#3502 = ORIENTED_EDGE ( 'NONE', *, *, #1986, .T. ) ;
#3503 = DIRECTION ( 'NONE',  ( 3.540251991789402300E-015, 1.000000000000000000, 1.751623080406021300E-046 ) ) ;
#3504 = CARTESIAN_POINT ( 'NONE',  ( -10.55500000000001000, 8.673617379884035500E-016, 5.230000000000002200 ) ) ;
#3505 = ORIENTED_EDGE ( 'NONE', *, *, #1262, .T. ) ;
#3506 = DIRECTION ( 'NONE',  ( -0.8698854280611952900, 0.4932538312540421000, 0.0000000000000000000 ) ) ;
#3507 = CARTESIAN_POINT ( 'NONE',  ( -3.949999999999998800, 3.429999999999999700, 4.580000000000001000 ) ) ;
#3508 = EDGE_CURVE ( 'NONE', #2931, #3399, #81, .T. ) ;
#3509 = AXIS2_PLACEMENT_3D ( 'NONE', #2514, #300, #857 ) ;
#3510 = ORIENTED_EDGE ( 'NONE', *, *, #1023, .F. ) ;
#3511 = FACE_OUTER_BOUND ( 'NONE', #1543, .T. ) ;
#3512 = DIRECTION ( 'NONE',  ( 0.7607025316406785800, 0.0000000000000000000, 0.6491006534856227400 ) ) ;
#3513 = ORIENTED_EDGE ( 'NONE', *, *, #213, .T. ) ;
#3514 = DIRECTION ( 'NONE',  ( 1.000000000000000000, -0.0000000000000000000, -0.0000000000000000000 ) ) ;
#3515 = LINE ( 'NONE', #3295, #3263 ) ;
#3516 = ADVANCED_FACE ( 'NONE', ( #2106 ), #992, .T. ) ;
#3517 = DIRECTION ( 'NONE',  ( -1.000000000000000000, -0.0000000000000000000, -0.0000000000000000000 ) ) ;
#3518 = CARTESIAN_POINT ( 'NONE',  ( 10.55500000000000900, -3.501187250950756200E-015, -0.2650000000000117800 ) ) ;
#3519 = EDGE_LOOP ( 'NONE', ( #2962, #3131, #1558, #495 ) ) ;
#3520 = VERTEX_POINT ( 'NONE', #760 ) ;
#3521 = DIRECTION ( 'NONE',  ( 0.0000000000000000000, 0.0000000000000000000, 1.000000000000000000 ) ) ;
#3522 = CARTESIAN_POINT ( 'NONE',  ( 3.900000000000000800, 3.680000000000000200, -9.570000000000002100 ) ) ;
#3523 = EDGE_CURVE ( 'NONE', #659, #3554, #3244, .T. ) ;
#3524 = DIRECTION ( 'NONE',  ( 0.0000000000000000000, -0.0000000000000000000, 1.000000000000000000 ) ) ;
#3525 = VERTEX_POINT ( 'NONE', #1326 ) ;
#3526 = ORIENTED_EDGE ( 'NONE', *, *, #2211, .F. ) ;
#3527 = ORIENTED_EDGE ( 'NONE', *, *, #2545, .F. ) ;
#3528 = CARTESIAN_POINT ( 'NONE',  ( -3.974999999999998300, 0.9480817483678319900, -3.164450392392346200 ) ) ;
#3529 = AXIS2_PLACEMENT_3D ( 'NONE', #2469, #1864, #1598 ) ;
#3530 = EDGE_LOOP ( 'NONE', ( #914, #2994, #3015, #2096, #876, #1746 ) ) ;
#3531 = FACE_OUTER_BOUND ( 'NONE', #3519, .T. ) ;
#3532 = DIRECTION ( 'NONE',  ( -5.028183988338599400E-015, 0.0000000000000000000, 1.000000000000000000 ) ) ;
#3533 = ORIENTED_EDGE ( 'NONE', *, *, #1876, .T. ) ;
#3534 = DIRECTION ( 'NONE',  ( 0.8698854280611960600, 0.4932538312540407100, -0.0000000000000000000 ) ) ;
#3535 = VERTEX_POINT ( 'NONE', #1858 ) ;
#3536 = LINE ( 'NONE', #2749, #3488 ) ;
#3537 = EDGE_CURVE ( 'NONE', #2931, #1331, #2850, .T. ) ;
#3538 = AXIS2_PLACEMENT_3D ( 'NONE', #1425, #3389, #1438 ) ;
#3539 = CARTESIAN_POINT ( 'NONE',  ( -11.25945989982141900, -1.787638840938917000, 1.304999999999988200 ) ) ;
#3540 = PLANE ( 'NONE',  #406 ) ;
#3541 = ADVANCED_FACE ( 'NONE', ( #2593 ), #633, .T. ) ;
#3542 = CYLINDRICAL_SURFACE ( 'NONE', #1813, 1.524999999999999900 ) ;
#3543 = CARTESIAN_POINT ( 'NONE',  ( 3.974999999999998300, 0.9480817483678319900, -3.164450392392346200 ) ) ;
#3544 = AXIS2_PLACEMENT_3D ( 'NONE', #1327, #1894, #257 ) ;
#3545 = VECTOR ( 'NONE', #1613, 1000.000000000000000 ) ;
#3546 = CARTESIAN_POINT ( 'NONE',  ( -11.30500000000000100, -1.615000000000003500, -0.2650000000000117800 ) ) ;
#3547 = PLANE ( 'NONE',  #2331 ) ;
#3548 = FACE_OUTER_BOUND ( 'NONE', #3405, .T. ) ;
#3549 = DIRECTION ( 'NONE',  ( -1.000000000000000000, 0.0000000000000000000, 0.0000000000000000000 ) ) ;
#3550 = CARTESIAN_POINT ( 'NONE',  ( 10.55499999999999800, 3.330000000000001400, 5.230000000000002200 ) ) ;
#3551 = CARTESIAN_POINT ( 'NONE',  ( 10.30500000000000300, -0.1736211735835802000, -0.2650000000000117800 ) ) ;
#3552 = ORIENTED_EDGE ( 'NONE', *, *, #850, .F. ) ;
#3553 = EDGE_CURVE ( 'NONE', #888, #447, #1639, .T. ) ;
#3554 = VERTEX_POINT ( 'NONE', #3546 ) ;
#3555 = LINE ( 'NONE', #2475, #867 ) ;
#3556 = DIRECTION ( 'NONE',  ( -0.0000000000000000000, -1.000000000000000000, -0.0000000000000000000 ) ) ;
#3557 = ADVANCED_FACE ( 'NONE', ( #1191 ), #2466, .T. ) ;
#3558 = EDGE_CURVE ( 'NONE', #1737, #2126, #467, .T. ) ;
#3559 = DIRECTION ( 'NONE',  ( 0.0000000000000000000, 1.000000000000000000, 0.0000000000000000000 ) ) ;
#3560 = ORIENTED_EDGE ( 'NONE', *, *, #2133, .F. ) ;
#3561 = VECTOR ( 'NONE', #2199, 1000.000000000000000 ) ;
#3562 = CARTESIAN_POINT ( 'NONE',  ( -10.55500000000000300, -0.1736211735835888900, 1.304999999999988200 ) ) ;
#3563 = ORIENTED_EDGE ( 'NONE', *, *, #580, .F. ) ;
#3564 = LINE ( 'NONE', #1788, #2824 ) ;
#3565 = EDGE_CURVE ( 'NONE', #1661, #968, #1370, .T. ) ;
#3566 = AXIS2_PLACEMENT_3D ( 'NONE', #3149, #942, #2888 ) ;
#3567 = ORIENTED_EDGE ( 'NONE', *, *, #3558, .T. ) ;
#3568 = CIRCLE ( 'NONE', #1673, 0.09999999999999939500 ) ;
#3569 = CARTESIAN_POINT ( 'NONE',  ( -10.55499999999999800, 3.430000000000000600, 5.230000000000002200 ) ) ;
#3570 = ORIENTED_EDGE ( 'NONE', *, *, #1835, .T. ) ;
#3571 = EDGE_LOOP ( 'NONE', ( #1612, #2083, #909, #358 ) ) ;
#3572 = EDGE_LOOP ( 'NONE', ( #2038, #1615, #1356, #1831 ) ) ;
#3573 = EDGE_CURVE ( 'NONE', #96, #1584, #820, .T. ) ;
#3574 = VECTOR ( 'NONE', #514, 1000.000000000000000 ) ;
#3575 = ADVANCED_FACE ( 'NONE', ( #2296 ), #2159, .T. ) ;
#3576 = ORIENTED_EDGE ( 'NONE', *, *, #1011, .F. ) ;
#3577 = LINE ( 'NONE', #3246, #621 ) ;
#3578 = DIRECTION ( 'NONE',  ( 1.000000000000000000, 3.469446951953610400E-014, 0.0000000000000000000 ) ) ;
#3579 = AXIS2_PLACEMENT_3D ( 'NONE', #3035, #1365, #1064 ) ;
#3580 = VERTEX_POINT ( 'NONE', #2674 ) ;
#3581 = DIRECTION ( 'NONE',  ( 1.000000000000000000, -3.540251991789402300E-015, -1.841532352416997600E-016 ) ) ;
#3582 = CIRCLE ( 'NONE', #1511, 3.400000000000000400 ) ;
#3583 = PLANE ( 'NONE',  #1455 ) ;
#3584 = EDGE_CURVE ( 'NONE', #2268, #368, #593, .T. ) ;
#3585 = DIRECTION ( 'NONE',  ( -0.8698854280611952900, 0.4932538312540421000, 0.0000000000000000000 ) ) ;
#3586 = CARTESIAN_POINT ( 'NONE',  ( 3.974999999999998300, 1.429999999999999900, 4.580000000000001000 ) ) ;
#3587 = VECTOR ( 'NONE', #1578, 1000.000000000000100 ) ;
#3588 = DIRECTION ( 'NONE',  ( 0.0000000000000000000, 1.000000000000000000, 0.0000000000000000000 ) ) ;
#3589 = PLANE ( 'NONE',  #801 ) ;
#3590 = FACE_OUTER_BOUND ( 'NONE', #1827, .T. ) ;
#3591 = CYLINDRICAL_SURFACE ( 'NONE', #3216, 4.000000000000000000 ) ;
#3592 = CARTESIAN_POINT ( 'NONE',  ( 3.949999999999998800, 3.429999999999999700, 4.580000000000001000 ) ) ;
ENDSEC;
END-ISO-10303-21;
